NO,병원명,병원구분,전화번호,소재지주소,Latitude,Longitude,외래키
1,행복한가정의학과의원,가정의학과,041-553-6575,충청남도 천안시 동남구 터미널9길 25 303호 (신부동 신비프라자),36.8232212,127.1554278,2
2,고려가정의학과의원,가정의학과,041-622-9398,충청남도 천안시 동남구 목천읍 신계1길 41 401호 (동우아파트상가),36.7720166,127.1938805,2
3,히스기야가정의학과의원,가정의학과,041-557-7506,충청남도 천안시 동남구 남부대로 322 청당스타빌딩 4층 (청당동),36.7812443,127.1530614,2
4,한사랑가정의학과의원,가정의학과,041-573-5595,"충청남도 천안시 동남구 일봉로 8 학산빌딩 3,4층 (신방동)",36.7933083,127.1294545,2
5,직산가정의학과의원,가정의학과,041-583-8500,충청남도 천안시 서북구 직산읍 직산로 31 2층,36.8801031,127.1537074,2
6,정가정의학과의원,가정의학과,041-582-1117,충청남도 천안시 서북구 직산읍 삼은3길 45 2층,36.8797309,127.1536576,2
7,성모가정의학과의원,가정의학과,041-552-5256,충청남도 천안시 서북구 부성7길 3 204호 (두정동 레몬타워),36.8372548,127.1340714,2
8,연세수빛내과가정의학과의원,가정의학과,041-414-7505,"충청남도 천안시 서북구 성성8로 14-4 미주타워 6층 601,602,603호 (성성동)",36.8403854,127.1287457,2
9,예일가정의학과의원,가정의학과,522-5114,충청남도 천안시 서북구 늘푸른6길 41 상가동 2층 (두정동 극동아파트),36.8294826,127.1319981,2
10,유제열가정의학과의원,가정의학과,041-574-4101,충청남도 천안시 서북구 성정로 103 (성정동),36.813781,127.1414761,2
11,서울더블유내과의원,내과,041-415-0053,"충청남도 천안시 동남구 목천읍 충절로 935-5 2,3층",36.7758408,127.2129608,1
12,속편한내과의원,내과,041-551-6368,충청남도 천안시 동남구 만남로 64 3층 302호 (신부동),36.8190416,127.1594364,1
13,김현응내과의원,내과,041-563-9858,충청남도 천안시 동남구 방죽안3길 19 (신부동 김현웅내과),36.8228236,127.1543605,1
14,김재하내과의원,내과,041-558-8500,충청남도 천안시 동남구 만남로 42 5층 (신부동),36.8186226,127.1568858,1
15,김철현내과의원,내과,041-522-1900,충청남도 천안시 동남구 충절로 25 (신부동 내과의원),36.8281267,127.1706232,1
16,천안정다운내과의원,내과,041-414-0500,충청남도 천안시 동남구 버들로 115-2 다온메디피아 2층 (원성동),36.8066476,127.1593112,1
17,한내과의원,내과,041-563-7575,충청남도 천안시 동남구 문화1길 5-1 (문화동),36.8084756,127.1507979,1
18,이수남내과의원,내과,551-8020,충청남도 천안시 동남구 중앙로 54 (영성동),36.8029521,127.1518297,1
19,윤여일내과의원,내과,555-1069,충청남도 천안시 동남구 구성1길 1 2층 (구성동),36.7945721,127.1600557,1
20,청수내과의원,내과,041-545-2500,충청남도 천안시 동남구 청수6로 103 3층 (청수동),36.7891052,127.15521,1
21,새로운내과의원,내과,041-565-7588,충청남도 천안시 동남구 청수14로 56 3층 (청당동),36.7839317,127.1526116,1
22,상쾌한내과의원,내과,592-7582,충청남도 천안시 동남구 풍세로 798 3층 (청당동),36.7805849,127.1425299,1
23,이낙원내과의원,내과,041-574-5119,충청남도 천안시 동남구 서부대로 278 (신방동 학산TWIN빌딩),36.7930851,127.1293361,1
24,이석훈내과의원,내과,041-577-5711,충청남도 천안시 동남구 서부대로 276 (신방동),36.792686,127.1293511,1
25,김정훈내과의원,내과,041-579-3420,"충청남도 천안시 동남구 서부대로 285 3층 302,303호 (신방동)",36.7933356,127.1284132,1
26,천안엔도내과의원,내과,041-592-7201,충청남도 천안시 동남구 서부대로 293 삼성빌딩 5층 (신방동),36.7938213,127.1276494,1
27,곽병수내과의원,내과,041-574-6943,충청남도 천안시 동남구 서부대로 227 3층 (신방동 예은빌딩),36.788642,127.1283634,1
28,서울내과의원,내과,041-579-1600,충청남도 천안시 동남구 서부대로 221 4층 (신방동),36.7881318,127.1283979,1
29,배편한배내과의원,내과,041-417-0700,충청남도 천안시 동남구 신촌4로 34 금강빌딩 3층 (신방동),36.7891697,127.1251565,1
30,더편한내과의원,내과,041-579-0528,충청남도 천안시 동남구 통정11로 61 3층 (신방동),36.773541,127.1333561,1
31,허윤내과의원,내과,041-583-7582,충청남도 천안시 서북구 입장면 입장로 141 (입장면),36.9138896,127.2219161,1
32,김용현내과의원,내과,041-581-0363,충청남도 천안시 서북구 성환읍 성환12길 45-8 (성환읍),36.9174749,127.1334732,1
33,조병석내과의원,내과,582-0348,충청남도 천안시 서북구 성환읍 성환12길 26 2층,36.917276,127.1307686,1
34,장편한연합내과의원,내과,041-414-5100,충청남도 천안시 서북구 직산읍 봉주로 64 4층,36.8771032,127.153732,1
35,한사랑내과의원,내과,041-587-5287,충청남도 천안시 서북구 직산읍 삼은3길 4 2층,36.8773451,127.1508652,1
36,성성하나로내과의원,내과,041-553-7588,충청남도 천안시 서북구 업성수변로 94 2층 201호 (성성동),36.8493109,127.1381031,1
37,제일편한내과의원,내과,041-523-2778,충청남도 천안시 서북구 봉정로 370 4층 (두정동),36.8348934,127.1458122,1
38,천안오케이내과의원,내과,041-553-2479,충청남도 천안시 서북구 두정로 258 4층 (두정동),36.8329625,127.1457631,1
39,성성조은내과의원,내과,041-566-8175,충청남도 천안시 서북구 성성8로 14-12 4층 (성성동),36.8403844,127.1297315,1
40,서연석내과의원,내과,041-573-9879,충청남도 천안시 서북구 동서대로 135 (성정동),36.8261423,127.138371,1
41,세인트내과의원,내과,622-5800,충청남도 천안시 서북구 서부대로 717 (두정동),36.8311169,127.1330025,1
42,류마앤장내과의원,내과,041-523-7767,충청남도 천안시 서북구 쌍용대로 316 영현빌딩 2~4층 (성정동),36.8254087,127.1376442,1
43,김종훈내과의원,내과,522-2058,충청남도 천안시 서북구 서부대로 688 3층 (성정동),36.8284199,127.1335503,1
44,서울삼성내과의원,내과,041-553-7870,충청남도 천안시 서북구 두정로 104 2층 (두정동),36.8336484,127.1283282,1
45,한빛내과의원,내과,041-578-0075,충청남도 천안시 서북구 쌍용대로 293 2층 (성정동),36.823568,127.1364395,1
46,준내과의원,내과,561-7752,충청남도 천안시 서북구 늘푸른5길 22 3층 (두정동),36.8273204,127.1296961,1
47,성정윌내과의원,내과,041-588-3200,충청남도 천안시 서북구 성정로 82 3층 (성정동),36.8135482,127.1391703,1
48,천안연세내과의원,내과,041-417-7505,충청남도 천안시 서북구 한들2로 8 6층 603.604.605호 (백석동),36.8235834,127.1188973,1
49,윤석중내과의원,내과,041-571-8172,충청남도 천안시 서북구 미라15길 23 2층 (쌍용동 대우타워종합상가),36.8063596,127.1314446,1
50,원내과의원,내과,041-573-6633,충청남도 천안시 서북구 쌍용대로 79 (쌍용동),36.8046746,127.1318615,1
51,유웅선내과의원,내과,041-574-5333,충청남도 천안시 서북구 쌍용대로 43 (쌍용동),36.8012775,127.1313423,1
52,한솔내과의원,내과,041-577-7767,충청남도 천안시 서북구 불당대로 269 2층 (쌍용동),36.8003023,127.1259311,1
53,김앤윤내과의원,내과,041-577-5300,충청남도 천안시 서북구 충무로 205 3층 (쌍용동),36.7967037,127.1289014,1
54,불당사랑내과의원,내과,041-555-0901,충청남도 천안시 서북구 불당23로 70 정우프라자 5층 503호 (불당동),36.8176325,127.1088053,1
55,허준앤심내과의원,내과,041-574-2266,충청남도 천안시 서북구 불당대로 260 2층 (쌍용동),36.7995831,127.1244854,1
56,양종오내과의원,내과,041-622-0500,"충청남도 천안시 서북구 불당21로 67-18 6층 602,603호 (불당동)",36.8140563,127.1085317,1
57,삼성라온내과의원,내과,041-568-7575,충청남도 천안시 서북구 월봉로 134 4층 (쌍용동 리치프라자),36.8025965,127.1191429,1
58,박태욱미소내과의원,내과,041-576-1616,충청남도 천안시 서북구 충무로 178 4층 (쌍용동),36.7943392,127.1269017,1
59,이재석내과의원,내과,041-577-3222,충청남도 천안시 서북구 충무로 172 3층 (쌍용동),36.7939771,127.1264812,1
60,불당내과의원,내과,041-414-7507,충청남도 천안시 서북구 불당21로 71 3층 304호 (불당동),36.8129586,127.1081765,1
61,닥터정내과의원,내과,041-571-7577,충청남도 천안시 서북구 월봉로 122 하나메디컬타운 5층 501~502 504호 (쌍용동),36.8014944,127.1189175,1
62,우리튼튼내과의원,내과,041-566-0771,충청남도 천안시 서북구 불당33길 26 4층 (불당동),36.812454,127.1078597,1
63,주내과의원,내과,041-575-3600,충청남도 천안시 서북구 월봉로 89 2층 (쌍용동),36.7986972,127.1179368,1
64,SG삼성조은병원,내과,041-571-7581,"충청남도 천안시 서북구 불당25로 200 2,3,4,5층 (불당동)",36.818877,127.1091851,1
65,예일병원,내과,041-571-7000,충청남도 천안시 서북구 충무로 129 (쌍용동),36.8006931,127.1224079,1
66,천안시동면보건지소,내과,041-521-2583,충청남도 천안시 동남구 동면 동산1길 15-1 동면보건지소,36.7758859,127.3442416,1
67,천안시북면보건지소,내과,521-2578,충청남도 천안시 동남구 북면 위례성로 724-2 (북면),36.8273654,127.2736874,1
68,천안시병천면보건지소,내과,041-521-2581,충청남도 천안시 동남구 병천면 병천2로 57-1 보건과병천보건지소,36.7664627,127.3020393,1
69,천안시목천읍보건지소,내과,041-521-2574,충청남도 천안시 동남구 목천읍 서리1길 41-9 41,36.7854156,127.2347619,1
70,천안시수신면보건지소,내과,041-521-2580,충청남도 천안시 동남구 수신면 수신로 436 (수신면),36.7308218,127.2817456,1
71,천안시성남면보건지소,내과,041-521-2579,충청남도 천안시 동남구 성남면 신사대화로 141 (성남면),36.7427197,127.2359487,1
72,천안시풍세면보건지소,내과,041-521-2576,충청남도 천안시 동남구 풍세면 상정1길 9 (풍세면),36.7221059,127.1182581,1
73,천안시광덕면보건지소,내과,041-521-2577,충청남도 천안시 동남구 광덕면 신흥리3길 33-1 광덕면보건지소,36.6986182,127.1111868,1
74,천안시입장면보건지소,내과,041-521-2575,충청남도 천안시 서북구 입장면 입장로 129 (입장면),36.9127562,127.2213044,1
75,천안시성거읍보건지소,내과,041-521-2572,충청남도 천안시 서북구 성거읍 봉주로 469 469,36.8778455,127.1990762,1
76,천안시성환읍보건지소,내과,041-550-2081,충청남도 천안시 서북구 성환읍 성환13길 7 (성환읍),36.9182019,127.1342493,1
77,천안시직산읍보건지소,내과,041-521-2573,충청남도 천안시 서북구 성거읍 봉주로 75 (성거읍),36.8782474,127.1551983,1
78,신세계마취통증의학과의원,마취통증의학과,041-522-9090,충청남도 천안시 동남구 만남로 58 3층 (신부동),36.8187143,127.1587615,3
79,터미널마취통증의학과의원,마취통증의학과,041-565-7585,충청남도 천안시 동남구 만남로 42 3층 (신부동),36.8186226,127.1568858,3
80,서울성모마취통증의학과의원,마취통증의학과,041-414-7227,충청남도 천안시 동남구 만남로 40 광산빌딩 3층 (신부동),36.8185687,127.1566181,3
81,최무수마취통증의학과의원,마취통증의학과,041-578-7575,충청남도 천안시 동남구 만남로 34 (신부동),36.8185949,127.1559031,3
82,천안바른마취통증의학과의원,마취통증의학과,041-414-7570,"충청남도 천안시 동남구 대흥로 118 2,3층 (사직동)",36.8002178,127.1498871,3
83,조은마취통증의학과의원,마취통증의학과,041-902-7582,충청남도 천안시 동남구 서부대로 227 2층 (신방동 예은빌딩),36.7885767,127.1285043,3
84,참편한마취통증의학과의원,마취통증의학과,041-588-7582,충청남도 천안시 서북구 성환읍 성환11길 21 (성환읍),36.9169764,127.130464,3
85,서울마취통증의학과의원,마취통증의학과,041-581-7755,충청남도 천안시 서북구 성환읍 연암율금로 508 3층 306호,36.9110392,127.1341554,3
86,연세윤마취통증의학과의원,마취통증의학과,557-1982,충청남도 천안시 서북구 두정로 244 (두정동),36.8331266,127.1439938,3
87,푸른나무마취통증의학과의원,마취통증의학과,041-566-7588,충청남도 천안시 서북구 두정로 202 5층 (두정동),36.8334227,127.1393148,3
88,호수앤마취통증의학과의원,마취통증의학과,041-900-2225,"충청남도 천안시 서북구 성성8로 2-42 한결타워 2,3층 (성성동)",36.8401781,127.1287412,3
89,바로나마취통증의학과의원,마취통증의학과,041-582-8585,충청남도 천안시 서북구 동서대로 129 단국성정빌딩 7층 701호 (성정동),36.826198,127.137777,3
90,김유재마취통증의학과의원,마취통증의학과,578-0750,충청남도 천안시 서북구 충무로 215 5층 (쌍용동 진솔빌딩),36.7971622,127.1293807,3
91,최마취통증의학과의원,마취통증의학과,041-574-5988,충청남도 천안시 서북구 충무로 201 (쌍용동 월정빌딩 3층),36.7964687,127.1288317,3
92,새힘마취통증의학과의원,마취통증의학과,041-575-7579,충청남도 천안시 서북구 충무로 194 2층 (쌍용동),36.7952989,127.1283184,3
93,우리신세계마취통증의학과의원,마취통증의학과,041-576-8275,충청남도 천안시 서북구 충무로 175 (쌍용동),36.7989042,127.1201534,3
94,하나마취통증의학과의원,마취통증의학과,041-573-5001,충청남도 천안시 서북구 충무로 125 4층 (쌍용동),36.7927872,127.1213255,3
95,천안시동남구보건소,보건소,041-521-2651,충청남도 천안시 동남구 버들로 34 (문화동),36.8074794,127.1511502,4
96,천안시서북구보건소,보건소,041-521-2552,충청남도 천안시 서북구 번영로 156 (불당동),36.8091364,127.1063221,4
97,유로센터서경근비뇨기과의원,비뇨기과,041-523-0690,충청남도 천안시 동남구 만남로 43 3층 (신부동),36.8202827,127.1567089,19
98,이에스길비뇨기과의원,비뇨기과,041-523-8808,충청남도 천안시 동남구 만남로 50 801호 (신부동 터미널프라자),36.8186598,127.1575848,19
99,방비뇨기과의원,비뇨기과,563-7559,충청남도 천안시 동남구 대흥로 274 2층 (성황동),36.8122721,127.1491747,19
100,삼성비뇨기과의원,비뇨기과,041-578-0875,충청남도 천안시 서북구 충무로 178 2층 201~203호 (쌍용동),36.7967037,127.1289014,19
101,굿모닝비뇨기과의원,비뇨기과,041-571-0050,"충청남도 천안시 서북구 충무로 175 2(205호),5층 (쌍용동)",36.7948739,127.1263714,19
102,채움비뇨의학과의원,비뇨기과,041-555-6667,충청남도 천안시 서북구 불당21로 71 4층 403호 (불당동),36.8129586,127.1081765,19
103,최필선비뇨기과의원,비뇨기과,041-572-7200,충청남도 천안시 서북구 월봉로 89 3층 (쌍용동),36.7986972,127.1179368,19
104,양현민비뇨기과의원,비뇨기과,041-577-5246,충청남도 천안시 서북구 충무로 130 2층 (쌍용동),36.7925459,127.1219772,19
105,맨돌핀비뇨의학과의원,비뇨기과,041-558-3335,충청남도 천안시 동남구 만남로 64 2층 201호 (신부동),36.8190416,127.1594364,19
106,에스앤유서울비뇨의학과의원,비뇨기과,041-414-1752,충청남도 천안시 동남구 만남로 40 5층 (신부동),36.8186097,127.1566118,19
107,수비뇨의학과의원,비뇨기과,041-574-3200,충청남도 천안시 동남구 서부대로 276 학산프라자 4층 (신방동),36.792686,127.1293511,19
108,연세탑비뇨기과의원,비뇨기과,556-8275,충청남도 천안시 서북구 두정로 220 4층 (두정동),36.833272,127.1414241,19
109,혜성산부인과병원,산부인과,041-572-4567,충청남도 천안시 서북구 미라2길 18-11 (쌍용동),36.8009358,127.1304872,5
110,이화병원,산부인과,041-579-1400,충청남도 천안시 서북구 충무로 165 외 1(충무로 161) (쌍용동),36.7940164,127.1251093,5
111,애니산부인과의원,산부인과,041-561-7799,충청남도 천안시 동남구 만남로 44 3층 (신부동),36.818635,127.1570978,5
112,애플산부인과의원,산부인과,041-622-8887,충청남도 천안시 동남구 만남로 42 601~602호 (신부동),36.8186226,127.1568858,5
113,안창훈산부인과의원,산부인과,041-553-7533,충청남도 천안시 동남구 만남로 15 3층 (신부동),36.8191219,127.1539374,5
114,연세하임산부인과의원,산부인과,041-412-5555,"충청남도 천안시 동남구 수곡2길 17-17 지하1층,지상1,2,3,4,6층 (신방동)",36.7908653,127.1268211,5
115,리즈앤마리안산부인과의원,산부인과,041-523-6100,충청남도 천안시 서북구 두정로 204 (두정동),36.8334086,127.1395609,5
116,광제산부인과의원,산부인과,041-575-3200,충청남도 천안시 서북구 서부18길 23 (성정동),36.8243202,127.140278,5
117,퀸스산부인과의원,산부인과,041-569-2000,충청남도 천안시 서북구 성정공원1길 9-13 (성정동),36.8264819,127.1378037,5
118,수연산부인과의원,산부인과,041-621-5501,충청남도 천안시 서북구 성정중7길 3 4층 (성정동),36.828902,127.1335735,5
119,미즈산부인과의원,산부인과,041-575-6288,충청남도 천안시 서북구 성정로 91 (성정동),36.8138655,127.1402361,5
120,고운빛산부인과의원,산부인과,041-567-1188,충청남도 천안시 서북구 백석3로 130-14 (백석동),36.8221728,127.1258301,5
121,에덴산부인과의원,산부인과,041-578-3575,충청남도 천안시 서북구 미라11길 37 2~5층 (쌍용동),36.8042992,127.1317959,5
122,라팡산부인과의원,산부인과,041-567-7575,충청남도 천안시 서북구 불당21로 67-18 5층 502호 (불당동),36.8140563,127.1085317,5
123,미소인류시나산부인과의원,산부인과,041-577-3575,충청남도 천안시 서북구 월봉로 122 403호 (쌍용동),36.8014944,127.1189175,5
124,이은희산부인과의원,산부인과,041-567-0020,충청남도 천안시 서북구 불당33길 24 701호 (불당동),36.8123855,127.108192,5
125,이룸산부인과의원,산부인과,041-522-8305,충청남도 천안시 서북구 검은들3길 58 304호 (불당동 메가클래스블루),36.8099394,127.1098332,5
126,미소진산부인과의원,산부인과,041-522-7588,충청남도 천안시 서북구 동서대로 125-3 4층 403호 (성정동 천안크리닉),36.8263031,127.1368971,5
127,박병일성형외과의원,성형외과,041-554-6161,충청남도 천안시 동남구 만남로 52 5층 (신부동 문타워빌딩),36.8186608,127.157844,6
128,황일면성형외과의원,성형외과,041-568-7500,충청남도 천안시 동남구 만남로 44 (신부동 남경빌딩),36.8329881,127.1363635,6
129,성모성형외과의원,성형외과,568-3535,충청남도 천안시 동남구 만남로 40 (신부동),36.8186097,127.1566118,6
130,압구정라인성형외과의원,성형외과,041-553-8090,충청남도 천안시 동남구 만남로 30 3층 (신부동),36.818558,127.1553993,6
131,몽벨리아성형외과의원,성형외과,041-566-4458,충청남도 천안시 서북구 두정로 188 3층 (두정동),36.83301,127.1376575,6
132,압구정케이엠성형외과천안본점의원,성형외과,041-572-7185,충청남도 천안시 서북구 충무로 175 (쌍용동),36.7989042,127.1201534,6
133,김영순성형외과의원,성형외과,571-1100,충청남도 천안시 서북구 충무로 215 5층 (쌍용동 진솔빌딩),36.7971622,127.1293807,6
134,오리진성형외과의원,성형외과,041-561-1135,충청남도 천안시 서북구 공원로 219 2층 214~221호 (불당동),36.8001802,127.1036565,6
135,두정이진병원,소아청소년과,041-562-2021,충청남도 천안시 서북구 동서대로 65 (두정동),36.8260764,127.1305385,7
136,미래아이소아청소년과의원,소아청소년과,041-569-6655,충청남도 천안시 동남구 만남로 50 6층 (신부동),36.8186528,127.1576051,7
137,제일소아청소년과의원,소아청소년과,555-2475,충청남도 천안시 동남구 충절로 260 3층 (구성동),36.7955609,127.1592239,7
138,전학수소아청소년과의원,소아청소년과,041-555-6575,충청남도 천안시 동남구 청수4로 10 203호 (청당동),36.7827605,127.1529517,7
139,청당진소아청소년과의원,소아청소년과,041-417-7501,충청남도 천안시 동남구 청당5로 36 4층 404호 (청당동),36.7834019,127.1449272,7
140,드림아이소아청소년과의원,소아청소년과,041-567-4575,충청남도 천안시 동남구 서부대로 229 (신방동 자성빌딩),36.7887323,127.1284517,7
141,신통이진소아청소년과의원,소아청소년과,041-571-1275,충청남도 천안시 동남구 통정5로 68 2층 (신방동),36.7747686,127.1341784,7
142,조영번소아청소년과의원,소아청소년과,041-556-1588,충청남도 천안시 서북구 성거읍 성거길 89 1층,36.8733895,127.201069,7
143,가나다소아청소년과의원,소아청소년과,041-903-8885,충청남도 천안시 서북구 업성수변로 94 2층 203호 (성성동),36.8493109,127.1381031,7
144,아이힐소아청소년과의원,소아청소년과,041-415-0405,충청남도 천안시 서북구 동서대로 135 6~8층 (성정동),36.8261423,127.138371,7
145,서울수소아청소년과의원,소아청소년과,041-558-4136,충청남도 천안시 서북구 노태산로 73 2층 202호 (백석동),36.8313771,127.1269957,7
146,다나소아청소년과의원,소아청소년과,041-581-7566,충청남도 천안시 서북구 노태산로 62 2층 (두정동),36.8302761,127.1276185,7
147,백석소아청소년과의원,소아청소년과,041-556-1236,충청남도 천안시 서북구 한들3로 83 203호 (백석동),36.8310842,127.1232431,7
148,아이본소아청소년과의원,소아청소년과,041-415-0101,충청남도 천안시 서북구 한들3로 30 4층 (백석동),36.8264714,127.123896,7
149,스마일소아청소년과의원,소아청소년과,041-569-4040,충청남도 천안시 서북구 3공단6로 58-8 차암동 3층 3호 (차암동),36.8410177,127.1039718,7
150,웰소아청소년과의원,소아청소년과,041-566-5575,충청남도 천안시 서북구 한들2로 8 3층 (백석동),36.8235834,127.1188973,7
151,최재혁소아청소년과의원,소아청소년과,041-417-7579,"충청남도 천안시 서북구 불당25로 182 4층 4,5호 (불당동)",36.8173067,127.1087044,7
152,연세엘소아청소년과의원,소아청소년과,041-567-7582,충청남도 천안시 서북구 불당22대로 67 2층 202호 (불당동),36.8165089,127.1065549,7
153,스위트소아청소년과의원,소아청소년과,041-577-5510,충청남도 천안시 서북구 월봉로 132 4층 (쌍용동),36.8023576,127.1190918,7
154,김종인소아청소년과의원,소아청소년과,041-577-3373,충청남도 천안시 서북구 충무로 174 (쌍용동),36.8006931,127.1224079,7
155,뉴이진소아청소년과의원,소아청소년과,041-579-2020,충청남도 천안시 서북구 충무로 167 (쌍용동),36.8006931,127.1224079,7
156,자라는소아청소년과의원,소아청소년과,041-543-1272,"충청남도 천안시 서북구 공원로 176 천안불당 시티프라디움 3차 근린생활시설-3 지하1층 B122,B123,B124호 (불당동)",36.797132,127.0992974,7
157,새로나병원,신경과,041-520-7010,충청남도 천안시 동남구 향교1길 130-23 (유량동 새로나병원),36.8127331,127.1694601,8
158,천안21세기병원,신경과,1522-7634,충청남도 천안시 서북구 부성6길 39-11 (두정동),36.836619,127.1378999,8
159,도화범신경과의원,신경과,041-552-1050,"충청남도 천안시 동남구 만남로 6 8층 8001,8002,8003호 (신부동)",36.8184346,127.1525903,8
160,찬스신경과의원,신경과,041-415-2235,충청남도 천안시 서북구 충무로 205 4층 (쌍용동 다선빌딩),36.8006931,127.1224079,8
161,삼성스마트김석재신경과의원,신경과,041-417-7507,충청남도 천안시 서북구 불당21로 67-8 5층 503호 (불당동),36.8132932,127.1082874,8
162,이앤오신경과의원,신경과,041-522-2501,충청남도 천안시 서북구 불당21로 71 402호 (불당동),36.8129586,127.1081765,8
163,리더스신경외과의원,신경과,041-551-7582,충청남도 천안시 서북구 불당33길 34 2층 (불당동),36.8119686,127.1069198,8
164,홍성조신경외과의원,신경과,041-555-2578,충청남도 천안시 동남구 만남로 11 (신부동),36.8190541,127.1534654,8
165,홍순형 신경정신과의원,신경과,567-5023,충청남도 천안시 동남구 만남로 34 (신부동 선진빌딩),36.8185949,127.1559031,8
166,혜민신경정신과의원,신경과,552-8017,충청남도 천안시 동남구 충절로 177 (원성동),36.8029922,127.1592217,8
167,W여성외과의원,외과,041-568-8300,충청남도 천안시 서북구 불당25로 176 4층 401~403호 (불당동),36.8162185,127.1091163,9
168,제일영상의학과의원,외과,041-553-9600,충청남도 천안시 동남구 충절로 6 5층 (신부동),36.8184766,127.1579459,9
169,치항외과의원,외과,041-551-6077,충청남도 천안시 동남구 만남로 43 (신부동 신세계백화점충청점),36.8195465,127.156151,9
170,송재화외과의원,외과,558-1118,충청남도 천안시 서북구 성거읍 성거길 103 2층,36.8747314,127.2009064,9
171,두정바른정형외과의원,외과,041-417-7551,충청남도 천안시 서북구 봉정로 356 4층 401~405호 (두정동),36.8332466,127.155501,9
172,김혜은여성외과의원,외과,574-0100,충청남도 천안시 서북구 두정로 202 6층 (두정동),36.8334227,127.1393148,9
173,바른신경외과의원,외과,041-568-7113,충청남도 천안시 서북구 성성8로 14-20 3층 (성성동),36.8403855,127.1306439,9
174,더노블성형외과의원,외과,041-622-2828,충청남도 천안시 서북구 성정공원1길 9-7 더노블 4층 (성정동),36.8264343,127.1384442,9
175,이지흉부외과의원,외과,041-562-2775,충청남도 천안시 서북구 동서대로 125-3 5층 (성정동),36.8263031,127.1368971,9
176,다나여성의원,외과,041-904-1000,충청남도 천안시 서북구 노태산로 62 다나메디피아 4층 (두정동),36.8302352,127.1276496,9
177,리:튼정형외과의원,외과,041-554-8277,충청남도 천안시 서북구 백석로 93 리튼빌딩 3층 (백석동),36.823898,127.122046,9
178,드림신경외과의원,외과,041-415-0177,"충청남도 천안시 서북구 3공단6로 50 힐링J타워 3층 306,307호 (차암동)",36.8408138,127.1032899,9
179,창문외과의원,외과,041-578-7533,"충청남도 천안시 서북구 쌍용대로 8 3,4,5층 (쌍용동)",36.7981895,127.131114,9
180,이규신경외과의원,외과,041-575-8004,충청남도 천안시 서북구 불당대로 260 409호 (쌍용동 하이렉스타운),36.7995265,127.1241599,9
181,삼성유바디외과의원,외과,041-415-0809,"충청남도 천안시 서북구 불당22대로 92 301,302호 (불당동)",36.8153065,127.1088223,9
182,삼성흉부외과의원,외과,041-564-8877,충청남도 천안시 동남구 만남로 52 401호 (신부동 문타워),36.8186047,127.1577791,9
183,돋움병원,요양병원,041-415-2222,충청남도 천안시 서북구 동서대로 110-23 (성정동),36.824111,127.1352484,10
184,천안시립노인전문병원,요양병원,041-521-1114,충청남도 천안시 동남구 목천읍 삼방로 735 (천안시립노인전문병원),36.8253875,127.2266949,10
185,메디움천안요양병원,요양병원,041-413-7100,충청남도 천안시 동남구 유량로 180 (유량동 메디움천안요양병원),36.8108765,127.1785464,10
186,선한이웃요양병원,요양병원,041-564-5555,충청남도 천안시 동남구 정골2길 91 (구성동),36.7992785,127.1774305,10
187,의료법인세온의료재단브라운요양병원,요양병원,041-553-1234,충청남도 천안시 동남구 목천읍 충절로 794 (목천읍),36.7683163,127.2000854,10
188,천안세인트요양병원,요양병원,041-552-0700,충청남도 천안시 동남구 구성2길 11 (구성동),36.7983522,127.1597855,10
189,의료법인 백석의료재단 한사랑요양병원,요양병원,041-556-7781,충청남도 천안시 동남구 대흥로 228 (대흥동 삼영빌딩),36.8083329,127.1480887,10
190,천안요양병원,요양병원,041-569-5533,충청남도 천안시 동남구 삼룡천3길 10 (구성동 이라의료재단 천안병원),36.7909231,127.1639376,10
191,로고스요양병원,요양병원,041-410-2100,충청남도 천안시 동남구 청수로 123-11 로고스요양병원 (구성동),36.7945534,127.1577241,10
192,가야요양병원,요양병원,041-558-1000,충청남도 천안시 동남구 영성로 7 (영성동 가야요양병원),36.7989011,127.1505799,10
193,프라미스요양병원,요양병원,041-622-3311,충청남도 천안시 동남구 천안대로 215 B1~3(일부)층 (삼룡동),36.7674014,127.1651094,10
194,다나힐요양병원,요양병원,041-590-7777,충청남도 천안시 서북구 직산읍 석양길 4 (직산읍),36.8855391,127.1076059,10
195,천안성심요양병원,요양병원,041-564-8271,"충청남도 천안시 서북구 원두정3길 37 4층,5층 (두정동)",36.8334874,127.1372287,10
196,큰사랑요양병원,요양병원,041-579-1190,충청남도 천안시 서북구 도원4길 7 (성정동),36.8197733,127.1329947,10
197,백석요양병원,요양병원,041-565-2300,충청남도 천안시 서북구 백석5길 4 (백석동),36.8214367,127.1275717,10
198,천안퍼스트힐요양병원,요양병원,041-904-7000,충청남도 천안시 서북구 백석로 99 1층~4층 (백석동),36.8240784,127.1227321,10
199,의료법인아선의료재단메디케어요양병원,요양병원,041-567-2277,충청남도 천안시 서북구 검은들1길 20 메디컬타워 5층 7층 (불당동),36.8113079,127.11022,10
200,천안쌍용요양병원,요양병원,041-574-1777,충청남도 천안시 서북구 충무로 167-12 쌍용가구백화점 2층 (쌍용동),36.7948258,127.125192,10
201,천안우리요양병원,요양병원,041-415-1004,"충청남도 천안시 서북구 쌍용19로 21 (쌍용동 유림빌딩(2,3,4층))",36.7942279,127.1212669,10
202,우리이비인후과의원,이비인후과,041-556-0011,충청남도 천안시 동남구 만남로 43 (신부동 두루두루빌딩),36.8202827,127.1567089,11
203,천안드림이비인후과의원,이비인후과,041-554-7575,충청남도 천안시 동남구 충절로 6 3층 (신부동),36.8184766,127.1579459,11
204,서울성모이비인후과의원,이비인후과,041-902-7577,충청남도 천안시 동남구 만남로 26 3층 301호 (신부동),36.8185446,127.1549678,11
205,미소래이비인후과의원,이비인후과,041-562-8575,충청남도 천안시 동남구 청수11로 11 4층 (청당동),36.7831489,127.1537158,11
206,명이비인후과의원,이비인후과,042-863-7005,"충청남도 천안시 동남구 청수4로 16 3층 301,302 (청당동)",36.7832789,127.1528705,11
207,푸른이비인후과의원,이비인후과,041-579-8275,충청남도 천안시 동남구 서부대로 276 301호 (신방동 학산프라자),36.792686,127.1293511,11
208,우리누리이비인후과의원,이비인후과,041-573-8275,충청남도 천안시 동남구 통정5로 58 3층 301호 (신방동),36.7741797,127.1334828,11
209,플러스이비인후과의원,이비인후과,041-565-1213,충청남도 천안시 서북구 두정로 244 3층 304호 (두정동),36.8331266,127.1439938,11
210,비클린이비인후과의원,이비인후과,041-555-7100,충청남도 천안시 서북구 성성8로 2-30 3층 (성성동),36.8402924,127.1302624,11
211,필이비인후과의원,이비인후과,041-563-2112,충청남도 천안시 서북구 동서대로 125-3 4층 (성정동),36.8263031,127.1368971,11
212,상쾌한이비인후과의원,이비인후과,041-541-7587,충청남도 천안시 서북구 오성로 1 3층 (두정동),36.8307333,127.1276133,11
213,수이비인후과의원,이비인후과,041-552-1666,충청남도 천안시 서북구 3공단6로 58-8 천안비즈타워 2층 202호 (차암동),36.840964,127.10403,11
214,남인성이비인후과의원,이비인후과,041-573-2525,충청남도 천안시 서북구 봉명로 35 2층 (쌍용동),36.8078312,127.1324245,11
215,으뜸이비인후과의원,이비인후과,041-562-2017,충청남도 천안시 서북구 불당25로 176 309~312호 (불당동),36.8162185,127.1091163,11
216,맑은이비인후과의원,이비인후과,041-522-7553,"충청남도 천안시 서북구 불당21로 67-26 2층 201,202,203호 (불당동)",36.8147916,127.1087544,11
217,이민형이비인후과의원,이비인후과,041-577-9206,충청남도 천안시 서북구 충무로 178 3층 301호 일부 302호 303호 (쌍용동),36.7943392,127.1269017,11
218,쌍용우리이비인후과의원,이비인후과,575-7533,충청남도 천안시 서북구 충무로 175 4층 (쌍용동),36.7948739,127.1263714,11
219,두리이비인후과의원,이비인후과,041-578-5578,"충청남도 천안시 서북구 쌍용1길 21 2,3,4층 (쌍용동)",36.8014416,127.1192939,11
220,탑이비인후과의원,이비인후과,041-569-6477,충청남도 천안시 서북구 불당33길 24 5층 (불당동),36.8123855,127.108192,11
221,열린이비인후과의원,이비인후과,041-592-7007,충청남도 천안시 서북구 충무로 133 2층 (쌍용동),36.793215,127.1222183,11
222,천안다나힐병원,재활의학과,041-562-7000,충청남도 천안시 동남구 터미널3길 5 (신부동),36.8199105,127.1587265,12
223,삼성스카이병원,재활의학과,041-551-3391,"충청남도 천안시 서북구 성정공원1길 9-4 호원빌딩 1층,2층,4층~6층 (성정동)",36.8267147,127.1389689,12
224,천안리턴병원,재활의학과,041-414-7500,"충청남도 천안시 서북구 불당23로 73-27 2층,3층 2층(217~222)호 (불당동)",36.8204217,127.1096581,12
225,성정가야재활의학과의원,재활의학과,041-579-3835,충청남도 천안시 서북구 쌍용대로 188 2층 (성정동),36.8140761,127.1348363,12
226,고운신경과정신건강의학과의원,정신과,041-567-4300,충청남도 천안시 동남구 대흥로 271 (대흥동),36.8050344,127.1462182,13
227,백기청정신건강의학과의원,정신과,041-567-8875,충청남도 천안시 동남구 만남로 15 민현빌딩 2층 (신부동),36.8191219,127.1539374,13
228,굿모닝정신건강의학과의원,정신과,041-558-0066,충청남도 천안시 동남구 만남로 9 더샵오피스텔 3층303호 (신부동),36.8191809,127.1530085,13
229,열린마음허정신건강의학과의원,정신과,555-3595,충청남도 천안시 동남구 공설시장2길 3 2층 (대흥동 무궁화빌딩),36.809029,127.1493295,13
230,청당맑은정신건강의학과의원,정신과,041-414-0707,충청남도 천안시 동남구 청수11로 18 7층 702호 일부 (청당동),36.7826034,127.1544783,13
231,한빛정신건강의학과의원,정신과,041-572-6886,충청남도 천안시 동남구 서부대로 285 일송빌딩 4층 (신방동),36.7933356,127.1284132,13
232,마인드림정신건강의학과의원,정신과,041-557-7555,충청남도 천안시 서북구 동서대로 129 단국성정빌딩 2층 (성정동),36.826198,127.137777,13
233,맑은마음정신건강의학과의원,정신과,579-9997,충청남도 천안시 서북구 충무로 215 4층 (쌍용동),36.7971622,127.1293807,13
234,편안한정신건강의학과의원,정신과,041-522-8275,충청남도 천안시 서북구 동서대로 125-3 하나은행 4층 (성정동),36.8263031,127.1368971,13
235,정 정신건강의학과의원,정신과,041-578-4300,충청남도 천안시 서북구 쌍용대로 8 3층 (쌍용동),36.7981895,127.131114,13
236,마음숲길정신건강의학과의원,정신과,041-417-3575,충청남도 천안시 서북구 불당21로 71 5층 502호 (불당동),36.8129586,127.1081765,13
237,연세조은정신건강의학과의원,정신과,041-557-3456,충청남도 천안시 서북구 검은들3길 58 2층 (불당동),36.8099394,127.1098332,13
238,천안중앙병원,정신과,041-561-0245,충청남도 천안시 서북구 동서대로 129-16 (성정동),36.827201,127.1379243,13
239,마음애병원,정신과,041-566-5119,충청남도 천안시 서북구 검은들3길 60 리치프라자 (불당동),36.8098732,127.1101673,13
240,나은필병원,정형외과,041-417-0001,"충청남도 천안시 동남구 만남로 64 1층일부,4~9층 (신부동)",36.8190416,127.1594364,14
241,화인메트로병원,정형외과,041-622-1300,충청남도 천안시 서북구 원두정3길 37 (두정동),36.8334874,127.1372287,14
242,천안재활병원,정형외과,041-575-7100,충청남도 천안시 서북구 쌍용대로 225 (성정동),36.8175742,127.1349879,14
243,서울우리병원,정형외과,041-1544-2822,충청남도 천안시 서북구 한들3로 9 (백석동),36.8244092,127.1235163,14
244,서울대정병원,정형외과,041-415-0001,충청남도 천안시 서북구 불당33길 18 (불당동),36.8115928,127.1079996,14
245,마디손병원,정형외과,041-581-9999,"충청남도 천안시 서북구 불당34길 18 1층,3~5층 (불당동)",36.8064476,127.1064144,14
246,활기찬정형외과의원,정형외과,041-553-8200,"충청남도 천안시 서북구 불당25로 182 2층 205,206,207호 (불당동)",36.8173067,127.1087044,14
247,본정형외과병원,정형외과,041-575-6000,충청남도 천안시 서북구 불당대로 268 (쌍용동),36.7996526,127.1258829,14
248,민상혁기둥정형외과의원,정형외과,041-415-1100,충청남도 천안시 동남구 만남로 90 2~5층 (신부동),36.8204653,127.1616324,14
249,반윤성정형외과의원,정형외과,041-551-6333,충청남도 천안시 동남구 충절로 23-1 2층 (신부동),36.8169475,127.1585068,14
250,최완석정형외과의원,정형외과,041-556-8780,"충청남도 천안시 동남구 충절로 27 2동 1,2층 (신부동)",36.8166446,127.1585073,14
251,신부정형외과의원,정형외과,041-554-1005,"충청남도 천안시 동남구 방죽안2길 1 2,3,4층 (신부동)",36.8217809,127.1524925,14
252,오름정형외과의원,정형외과,041-558-0528,충청남도 천안시 동남구 만남로 6 CARAT21 6층 6001~6004호 (신부동),36.8184346,127.1525903,14
253,김성태정형외과의원,정형외과,041-551-2602,충청남도 천안시 동남구 대흥로 327 지하1층 지상1층 (성황동 이승훈정형외과의원),36.817039,127.1507137,14
254,한마음정형외과의원,정형외과,041-562-0777,"충청남도 천안시 동남구 충절로 116 2,3층 (원성동)",36.8085658,127.1582754,14
255,김병기정형외과의원,정형외과,041-551-3882,충청남도 천안시 동남구 고재20길 1 (원성동 김병기정형외과),36.8036587,127.1591676,14
256,천안탑정형외과의원,정형외과,041-414-0175,충청남도 천안시 동남구 버들로 41 파리빌딩 3층 (문화동),36.8071489,127.1520208,14
257,누리정형외과의원,정형외과,041-552-7500,"충청남도 천안시 동남구 충무로 421 2,3층 (영성동)",36.7986098,127.1520202,14
258,진정형외과의원,정형외과,041-554-8275,충청남도 천안시 동남구 풍세로 1008 (청수동 진정형외과),36.7972778,127.1529841,14
259,천안고든정형외과의원,정형외과,041-572-7900,"충청남도 천안시 동남구 쌍용대로 154 2,.3층 (봉명동)",36.8111066,127.1339849,14
260,날개바로정형외과의원,정형외과,041-415-2333,충청남도 천안시 동남구 청수4로 16 7층 (청당동),36.7832789,127.1528705,14
261,하나정형외과의원,정형외과,041-576-8255,충청남도 천안시 동남구 서부대로 285 3층 (신방동),36.7933356,127.1284132,14
262,하종오정형외과의원,정형외과,041-577-0077,"충청남도 천안시 동남구 서부대로 245 2,5층 (신방동)",36.7900337,127.1285314,14
263,열린정형외과의원,정형외과,041-581-2221,충청남도 천안시 서북구 성환읍 성환2로 95 지하1~3층,36.9157373,127.1319818,14
264,새아침연합정형외과의원,정형외과,041-582-4380,충청남도 천안시 서북구 성환읍 성환1로 228 (성환읍),36.9149351,127.128383,14
265,JS메디칼내과외과정형외과의원,정형외과,041-589-7575,충청남도 천안시 서북구 직산읍 봉주로 51 (직산읍),36.877477,127.1523115,14
266,한양정형외과의원,정형외과,041-583-9999,충청남도 천안시 서북구 직산읍 천안대로 1519 (직산읍),36.8762406,127.1461982,14
267,굿모닝정형외과의원,정형외과,565-8877,충청남도 천안시 서북구 두정로 104 (두정동),36.8336484,127.1283282,14
268,미래정형외과의원,정형외과,577-8275,"충청남도 천안시 서북구 쌍용대로 293 1,4층 (성정동)",36.823568,127.1364395,14
269,천안튼튼정형외과의원,정형외과,041-577-6200,충청남도 천안시 서북구 성정로 82 (성정동),36.8135482,127.1391703,14
270,더바른정형외과의원,정형외과,041-553-7898,충청남도 천안시 서북구 한들2로 8 5층 (백석동),36.8235834,127.1188973,14
271,편안한허니연세정형외과의원,정형외과,041-573-7533,충청남도 천안시 서북구 차돌들길 12 3층 301~310호 (쌍용동),36.7979966,127.1293858,14
272,서울참정형외과의원,정형외과,041-415-0870,충청남도 천안시 서북구 충무로 175 3층 (쌍용동),36.7948739,127.1263714,14
273,천안영상의학과의원,정형외과,574-4545,충청남도 천안시 서북구 충무로 175 4층 (쌍용동),36.7948739,127.1263714,14
274,가톨릭정형외과의원,정형외과,041-621-8275,충청남도 천안시 서북구 월봉로 122 2층 202-205호 (쌍용동),36.8014944,127.1189175,14
275,더본정형외과의원,정형외과,041-414-2165,"충청남도 천안시 서북구 불당21로 65 3층 306,307호 (불당동)",36.8130966,127.1074085,14
276,천안우리병원,종합병원,041-590-9000,충청남도 천안시 동남구 남부대로 350 (청당동),36.7809805,127.1559301,15
277,아이본병원,종합병원,041-563-0000,"충청남도 천안시 서북구 불당25로 206 3,4,5층(외1 불당25로208 4,5층) (불당동)",36.819607,127.1094162,15
278,연세나무병원,종합병원,041-537-0000,충청남도 천안시 서북구 불당21로 67-18 7~9층 (불당동),36.8140563,127.1085317,15
279,우리척병원,종합병원,041-565-5119,충청남도 천안시 서북구 충무로 155 (쌍용동),36.8006931,127.1224079,15
280,단국대학교의과대학부속병원,종합병원,041-1588-0063,충청남도 천안시 동남구 망향로 201  (안서동),36.8319085,127.1712099,15
281,의료법인 혜강의료재단 혜강병원,종합병원,041-555-8275,충청남도 천안시 동남구 대흥로 288 화정빌딩 지하2층~지상6층 (성황동),36.8133933,127.1496004,15
282,충청남도 천안의료원,종합병원,041-570-7200,충청남도 천안시 동남구 충절로 537  (삼룡동),36.7754606,127.1800572,15
283,순천향대학교부속 천안병원,종합병원,041-570-2114,"충청남도 천안시 동남구 순천향6길 31  5동 (봉명동,순천향대학교병원)",36.8025927,127.1357093,15
284,의료법인 영서의료재단 천안충무병원,종합병원,041-570-7555,충청남도 천안시 서북구 다가말3길 8  (쌍용동),36.7974752,127.1316312,15
285,단국대학교치과대학치과병원,치과,041-550-0114,충청남도 천안시 동남구 단대로 119 (안서동),36.8387855,127.1697914,16
286,문치과병원,치과,041-563-2875,충청남도 천안시 동남구 만남로 52 9층(신부동 문타워빌딩) (신부동),36.8186608,127.157844,16
287,고려치과병원,치과,041-564-2875,충청남도 천안시 동남구 충절로 283 (구성동),36.7903285,127.1679561,16
288,가온치과병원,치과,041-552-0005,충청남도 천안시 서북구 동서대로 129 (성정동),36.826198,127.137777,16
289,연세우일치과병원,치과,041-579-2244,충청남도 천안시 서북구 서부대로 350 (쌍용동),36.7985221,127.1265639,16
290,열린치과병원,치과,041-577-2233,충청남도 천안시 서북구 불당25로 176 율곡스퀘어 5층 504호 (불당동),36.8163216,127.1090047,16
291,참조은치과병원,치과,041-417-3500,충청남도 천안시 서북구 불당21로 67-8 6층 601~603호 (불당동),36.8132932,127.1082874,16
292,더보스톤치과병원,치과,041-555-2879,충청남도 천안시 서북구 불당33길 26 (불당동),36.812454,127.1078597,16
293,병천치과의원,치과,041-522-2804,충청남도 천안시 동남구 병천면 아우내순대길 54 2층,36.7623493,127.2997883,16
294,병천중앙치과의원,치과,041-414-2882,충청남도 천안시 동남구 병천면 아우내순대길 41 용가리노래방 2층,36.7614492,127.2988481,16
295,탑치과의원,치과,041-555-2830,"충청남도 천안시 동남구 병천면 아우내순대길 38 3,4층",36.760967,127.2989833,16
296,목천포유치과의원,치과,041-569-2876,충청남도 천안시 동남구 목천읍 충절로 893 2층,36.7735674,127.2095032,16
297,웰치과의원,치과,041-556-7582,충청남도 천안시 동남구 목천읍 목천안터1길 4 2층,36.7731794,127.2088416,16
298,하늘미치과의원,치과,041-584-2828,충청남도 천안시 동남구 터미널2로 24 2층 (신부동),36.821067,127.1584106,16
299,새이치과의원,치과,041-562-2875,충청남도 천안시 동남구 터미널2로 22 2~3층 (신부동),36.8208368,127.1584125,16
300,서울준치과의원,치과,041-562-7528,충청남도 천안시 동남구 목천읍 충절로 880 2층,36.7723456,127.2086447,16
301,갤러리치과의원,치과,041-554-2875,충청남도 천안시 동남구 터미널9길 25 (신부동 신비할인마트),36.8232212,127.1554278,16
302,한림홍치과의원,치과,041-558-7755,충청남도 천안시 동남구 만남로 64 나은빌딩 3층 303호 (신부동),36.8190445,127.1594173,16
303,강치과의원,치과,041-563-9493,충청남도 천안시 동남구 터미널2로 12 3층 (신부동 신부빌딩),36.8200317,127.1584354,16
304,닥터스마일치과의원,치과,041-566-2080,충청남도 천안시 동남구 터미널2로 8 3층 (신부동 대흥빌딩),36.8196374,127.1584972,16
305,천안영플란트치과의원,치과,041-566-2801,충청남도 천안시 동남구 만남로 58 3층 (신부동),36.8187143,127.1587615,16
306,미소앤치과의원,치과,041-555-2275,충청남도 천안시 동남구 만남로 43 4층 (신부동),36.8202827,127.1567089,16
307,샤인이치과의원,치과,041-900-5757,충청남도 천안시 동남구 충절로 7 씨엔에이타워 6층 (신부동),36.8183044,127.1585892,16
308,도솔치과의원,치과,041-568-3470,충청남도 천안시 동남구 충절로 6 (신부동 동아빌딩),36.8184229,127.157921,16
309,고상덕치과교정과치과의원,치과,041-554-3330,충청남도 천안시 동남구 만남로 50 4층 (신부동 터미널프라자),36.8186598,127.1575848,16
310,뉴욕치과의원,치과,041-552-2875,충청남도 천안시 동남구 만남로 50 (신부동 터미털프라자),36.8186598,127.1575848,16
311,보스톤탑치과의원,치과,041-556-5789,충청남도 천안시 동남구 만남로 44 (신부동 남경빌딩),36.8329881,127.1363635,16
312,정세영치과의원,치과,041-569-2875,충청남도 천안시 동남구 충절로 21 2층 (신부동),36.8170718,127.1584969,16
313,내외치과의원,치과,562-7755,충청남도 천안시 동남구 만남로 42 7층 (신부동),36.8186226,127.1568858,16
314,서울수석치과교정과치과의원,치과,041-568-2874,충청남도 천안시 동남구 만남로 40 4층 (신부동),36.8186097,127.1566118,16
315,천안더맑은치과의원,치과,041-566-2877,충청남도 천안시 동남구 만남로 40 2층 (신부동),36.8186097,127.1566118,16
316,서울베스트치과의원,치과,041-415-0600,충청남도 천안시 동남구 만남로 38 3층 (신부동 도솔빌딩),36.8184998,127.1563006,16
317,오렌지캐슬치과의원,치과,041-565-7582,충청남도 천안시 동남구 만남로 36 (신부동 광동빌딩),36.8186382,127.1561219,16
318,이스타치과의원,치과,578-2833,충청남도 천안시 동남구 만남로 34 선진빌딩 3층 (신부동),36.8185949,127.1559031,16
319,서울윌치과의원,치과,041-567-2879,충청남도 천안시 동남구 만남로 30 6층 (신부동 로얄빌딩),36.818558,127.1553993,16
320,신세계치과의원,치과,041-564-0028,충청남도 천안시 동남구 만남로 28 (신부동 천안문빌딩),36.8261838,127.1641943,16
321,이바르게치과교정과치과의원,치과,041-564-2825,충청남도 천안시 동남구 만남로 28 7층 (신부동),36.8185517,127.1552481,16
322,35스마트플란트치과의원,치과,041-568-2875,충청남도 천안시 동남구 만남로 15 민현빌딩 4층 (신부동),36.8191219,127.1539374,16
323,365아홉가지약속치과의원,치과,041-557-2875,"충청남도 천안시 동남구 만남로 18 1,2층 (신부동 휴먼빌딩)",36.8185046,127.1540406,16
324,남스부부치과의원,치과,041-577-2802,충청남도 천안시 동남구 만남로 9 더？오피스텔 301호 (신부동),36.8191809,127.1530085,16
325,일곱난장이치과의원,치과,041-558-2288,충청남도 천안시 동남구 만남로 9 3층 (신부동),36.8191809,127.1530085,16
326,턱앤사랑니치과의원,치과,041-563-3210,충청남도 천안시 동남구 만남로 9 2층 207호 (신부동),36.8191809,127.1530085,16
327,유디신부치과의원,치과,041-555-1151,충청남도 천안시 동남구 만남로 6 804~808호 (신부동),36.8184346,127.1525903,16
328,천안치과의원,치과,041-565-1106,충청남도 천안시 동남구 충절로 118 3층 (원성동),36.8084265,127.1582826,16
329,프렌드치과의원,치과,041-551-2877,충청남도 천안시 동남구 충절로 183 천안공주낙농농협 원성2동지점 3층 (원성동),36.8024724,127.1592737,16
330,송호환치과의원,치과,041-556-2875,충청남도 천안시 동남구 충절로 193 (원성동 정내과의원),36.811665,127.1580832,16
331,최우창치과의원,치과,041-563-5578,충청남도 천안시 동남구 버들로 23 2층 (문화동),36.8084229,127.1505405,16
332,이튼치과의원,치과,041-566-2880,충청남도 천안시 동남구 충절로 273 (구성동),36.7922463,127.1684038,16
333,새늘치과의원,치과,041-558-2875,충청남도 천안시 동남구 대흥로 3 2층 (구성동),36.7945667,127.1590829,16
334,천년나무치과의원,치과,041-555-2804,충청남도 천안시 동남구 청수로 136 2층 (구성동),36.794051,127.1591366,16
335,최치과의원,치과,041-551-8030,충청남도 천안시 동남구 영성로 42 2층 (영성동),36.802084,127.1506515,16
336,박치과의원,치과,041-551-2838,충청남도 천안시 동남구 영성로 41 2층 (사직동),36.8020402,127.1503062,16
337,안치과의원,치과,041-553-2288,충청남도 천안시 동남구 대흥로 99 (영성동 대명약국),36.7993068,127.15138,16
338,길치과의원,치과,041-558-2879,충청남도 천안시 동남구 풍세로 1008 2층 (청수동),36.7971443,127.1530581,16
339,김앤박치과의원,치과,041-622-2879,충청남도 천안시 동남구 대흥로 118 4층 (사직동),36.8002178,127.1498871,16
340,천안중앙플란트치과의원,치과,041-417-2804,충청남도 천안시 동남구 대흥로 109 2층 (사직동),36.7995962,127.1504149,16
341,윤철민치과의원,치과,041-567-3368,충청남도 천안시 동남구 대흥로 107 (사직동 세광빌딩),36.8030882,127.1469967,16
342,명인치과의원,치과,041-561-7522,충청남도 천안시 동남구 중앙시장길 2 (사직동 건영빌딩),36.8013474,127.1495356,16
343,김영만치과의원,치과,041-573-2124,충청남도 천안시 동남구 봉정로 45 (봉명동 에이스빌딩),36.8063337,127.1395743,16
344,행복드림치과의원,치과,041-568-2879,충청남도 천안시 동남구 청수16로 3 301호 (청수동 리치빌딩),36.7892071,127.1559105,16
345,하얀플란트치과의원,치과,041-578-2858,충청남도 천안시 동남구 청수6로 107 4층 (청수동),36.7892685,127.1548753,16
346,연세편안한치과의원,치과,041-522-2842,충청남도 천안시 동남구 청수14로 102 208~209동 (청당동),36.7855589,127.1573928,16
347,목천자연치과의원,치과,041-561-2879,충청남도 천안시 동남구 목천읍 삼성5길 62 3층,36.7606391,127.1795512,16
348,SM스마트치과의원,치과,041-565-2875,충청남도 천안시 동남구 청수11로 13-11 9층 (청당동),36.7833538,127.1536755,16
349,진플란트치과의원,치과,041-557-2879,충청남도 천안시 동남구 청수11로 16 301~304호 (청당동),36.7826499,127.1541245,16
350,퍼스트치과의원,치과,572-2275,충청남도 천안시 동남구 청수14로 56 (청당동 법조프라자),36.7839822,127.1525313,16
351,디즈니치과의원,치과,041-552-5572,충청남도 천안시 동남구 청수4로 18 2층 201호 (청당동),36.7836055,127.1527639,16
352,청당왕치과의원,치과,041-902-7528,충청남도 천안시 동남구 청수4로 18 3층 301호 (청당동),36.7836055,127.1527639,16
353,청당 앤 미소치과의원,치과,041-581-2875,"충청남도 천안시 동남구 청수4로 16 4층 403,404호 (청당동 바젤나인)",36.7832789,127.1528705,16
354,청당탑치과의원,치과,041-554-2804,"충청남도 천안시 동남구 청수4로 10 3층 302,303호 (청당동)",36.7827605,127.1529517,16
355,이레치과의원,치과,041-555-0275,충청남도 천안시 동남구 청수4로 8 (청당동),36.7823778,127.1529377,16
356,청당연세치과의원,치과,041-565-2877,충청남도 천안시 동남구 남부대로 322 스타빌딩 3층 (청당동),36.7812204,127.1529212,16
357,생명나무치과의원,치과,041-556-2275,충청남도 천안시 동남구 청당5로 36 3층 302호 (청당동),36.779219,127.1523555,16
358,수석이영재치과의원,치과,041-592-2879,충청남도 천안시 동남구 용곡5길 39-4 201호 (용곡동 용곡프라자),36.790702,127.1400064,16
359,탑플란트치과의원,치과,622-2875,충청남도 천안시 동남구 풍세로 798 (청당동 코르지아빌딩),36.7804216,127.1425084,16
360,김용철치과의원,치과,041-576-7773,충청남도 천안시 동남구 서부대로 278 302호 (신방동 학산트윈빌딩),36.792662,127.1293374,16
361,이로울치과의원,치과,041-902-2888,충청남도 천안시 동남구 서부대로 285 4층 404호 (신방동),36.7933356,127.1284132,16
362,서울봄치과의원,치과,041-553-7528,충청남도 천안시 동남구 서부대로 293 4층 403호 (신방동),36.7938213,127.1276494,16
363,스마일치과의원,치과,041-574-2828,충청남도 천안시 동남구 서부대로 268 301호 (신방동 학산리젠다빌),36.7919775,127.129466,16
364,중앙치과의원,치과,041-575-2772,충청남도 천안시 동남구 서부대로 227 (신방동 예은빌딩),36.7885767,127.1285043,16
365,진치과의원,치과,041-572-0812,충청남도 천안시 동남구 수곡로 81 (신방동 신방빌딩),36.7885105,127.1284889,16
366,착한미소치과의원,치과,041-573-2879,충청남도 천안시 동남구 서부대로 221 5층 (신방동),36.7881318,127.1283979,16
367,미래연합치과의원,치과,041-579-2875,충청남도 천안시 동남구 신촌4로 34 2층 (신방동),36.7891697,127.1251565,16
368,NY단치과의원,치과,041-571-2842,충청남도 천안시 동남구 통정5로 67 2층 (신방동),36.7751025,127.1337438,16
369,새샘치과의원,치과,041-577-7528,충청남도 천안시 동남구 통정11로 57 3층 (신방동),36.7739783,127.1334912,16
370,한양수치과의원,치과,041-900-2877,충청남도 천안시 동남구 풍세면 풍세산단로 287 203호 2층,36.7274625,127.1010904,16
371,케이플란트치과의원,치과,041-585-7528,충청남도 천안시 서북구 입장면 입장로 141 2층,36.9138896,127.2219161,16
372,서울탑치과의원,치과,041-523-2875,충청남도 천안시 서북구 입장면 입장로 128 128,36.9124122,127.2219376,16
373,유명치과의원,치과,041-587-2275,충청남도 천안시 서북구 입장면 입장로 118 3층,36.9114353,127.2216046,16
374,이좋은치과의원,치과,041-558-2804,충청남도 천안시 서북구 성거읍 성거길 100 2층,36.8739312,127.2018815,16
375,성거치과의원,치과,041-557-5572,충청남도 천안시 서북구 성거읍 성거길 85 85,36.8731543,127.2009429,16
376,성환부부치과의원,치과,582-0880,충청남도 천안시 서북구 성환읍 성환2로 104 2층,36.9167725,127.1329008,16
377,행복한치과의원,치과,041-587-2875,충청남도 천안시 서북구 성환읍 성환2로 107 (성환읍),36.9169476,127.1322666,16
378,고운미소치과의원,치과,041-585-2875,충청남도 천안시 서북구 성환읍 성환중앙로 39 2층,36.9174208,127.1299941,16
379,이편한용치과의원,치과,041-581-1631,충청남도 천안시 서북구 성환읍 성환중앙로 36 (성환읍),36.9171156,127.1301746,16
380,박치과의원,치과,582-2828,충청남도 천안시 서북구 성환읍 성환중앙로 33 (성환읍),36.9170132,127.1297822,16
381,서울사계절치과의원,치과,041-582-2842,"충청남도 천안시 서북구 성환읍 연암율금로 508 1,2층 102 207호",36.9110392,127.1341554,16
382,광성연세치과의원,치과,041-588-2875,충청남도 천안시 서북구 성환읍 성환9길 9 2층,36.9161709,127.1290284,16
383,원치과의원,치과,041-581-7345,충청남도 천안시 서북구 성환읍 성환1로 244 (성환읍),36.9163695,127.1282879,16
384,공감치과의원,치과,041-582-2879,충청남도 천안시 서북구 직산읍 봉주로 70 301호,36.8771424,127.15426,16
385,서울강남플란트치과의원천안점,치과,041-583-2875,"충청남도 천안시 서북구 직산읍 봉주로 47 보성빌딩 3,4층",36.8774441,127.1518488,16
386,하얀미소치과의원,치과,041-584-2875,충청남도 천안시 서북구 직산읍 삼은3길 4 4층,36.8773451,127.1508652,16
387,남서울치과의원,치과,041-584-7528,"충청남도 천안시 서북구 직산읍 아랫말2길 2 1,2층",36.8772601,127.1500947,16
388,성성이음치과의원,치과,041-553-2875,충청남도 천안시 서북구 업성수변로 94 2층 202호 (성성동),36.8493109,127.1381031,16
389,이편한치과의원,치과,041-558-2275,충청남도 천안시 서북구 봉정로 370 태조프라자 303호 (두정동),36.8348934,127.1458122,16
390,연세웰치과의원,치과,041-555-2875,충청남도 천안시 서북구 봉정로 362 3층 301호 (두정동),36.8343124,127.1458182,16
391,여기치과의원,치과,041-908-0500,충청남도 천안시 서북구 성성11길 21 2층 (성성동),36.8426901,127.1372421,16
392,서울두정치과의원,치과,041-903-2875,충청남도 천안시 서북구 봉정로 356 3층 301호 (두정동),36.8253345,127.1444127,16
393,바른탑치과의원,치과,041-904-2828,충청남도 천안시 서북구 두정로 258 3층 (두정동),36.8329625,127.1457631,16
394,박성빈치과의원,치과,041-555-2874,충청남도 천안시 서북구 두정로 244 301호 (두정동 두정필레오Ⅱ),36.8331266,127.1439938,16
395,에이스치과의원,치과,041-553-2879,충청남도 천안시 서북구 두정로 237 3층 (두정동),36.8336287,127.1434915,16
396,천안베스트덴치과의원,치과,041-554-2275,충청남도 천안시 서북구 두정로 236 4층 (두정동 스타펠리스),36.8330816,127.1430388,16
397,굿모닝치과의원,치과,041-575-2804,충청남도 천안시 서북구 봉정로 321 3층 301호 (두정동),36.8306574,127.144867,16
398,연세탑치과의원,치과,041-562-9000,충청남도 천안시 서북구 두정로 220 3층 (두정동),36.833272,127.1414241,16
399,시엘치과의원,치과,041-622-2855,충청남도 천안시 서북구 두정로 202 3층 (두정동),36.8334227,127.1393148,16
400,에스치과의원,치과,041-621-6633,충청남도 천안시 서북구 두정로 187 3층 (두정동),36.8340643,127.1377337,16
401,송하유승훈소아치과의원,치과,041-522-6775,충청남도 천안시 서북구 두정로 188 센트레시티 2층 201호 (두정동),36.83301,127.1376575,16
402,성성N하나치과의원,치과,041-563-7528,충청남도 천안시 서북구 성성9로 7 4층 406호 (성성동),36.8400629,127.1312239,16
403,로덴메트로치과의원,치과,041-561-2875,충청남도 천안시 서북구 원두정3길 37 3층 (두정동 화인메트로병원별관),36.8335381,127.13718,16
404,두정서울비디치과의원,치과,041-417-2827,"충청남도 천안시 서북구 부성1길 3 3,4층 (두정동)",36.834074,127.1355919,16
405,유스치과의원,치과,041-555-2779,충청남도 천안시 서북구 성성8로 14-12 2층 일부 (성성동),36.8403844,127.1297315,16
406,두정자연치과의원,치과,041-553-2275,충청남도 천안시 서북구 두정고6길 34 2층 (두정동),36.8356695,127.1333344,16
407,미리본치과의원,치과,041-565-7528,충청남도 천안시 서북구 성정두정로 12 7층 (성정동),36.8265659,127.1414949,16
408,삼아이치과의원,치과,041-567-2875,충청남도 천안시 서북구 성성8로 14-4 미주타워 3층 (성성동),36.8403854,127.1287457,16
409,딩동댕꾸러기치과의원,치과,041-556-7528,충청남도 천안시 서북구 성성8로 2-7 4층 401호 (성성동),36.8402015,127.1297313,16
410,더블유치과의원,치과,041-574-2875,충청남도 천안시 서북구 성정공원3길 4 202호 (성정동 학산리젠다빌3차),36.8261683,127.1413283,16
411,정호기치과의원,치과,041-552-2275,충청남도 천안시 서북구 동서대로 135 4층 (성정동),36.8261423,127.138371,16
412,이엔이치과의원,치과,041-554-2879,충청남도 천안시 서북구 서부대로 717 2층 (두정동),36.8311169,127.1330025,16
413,연세이라인치과교정과치과의원,치과,041-415-2875,충청남도 천안시 서북구 쌍용대로 318 (성정동),36.8255809,127.1376931,16
414,리더스정치과의원,치과,041-574-6260,충청남도 천안시 서북구 동서대로 125-3 2층 (성정동),36.8263031,127.1368971,16
415,양치과의원,치과,041-571-2275,충청남도 천안시 서북구 동서대로 122 2층 (성정동),36.82571,127.1365307,16
416,엠티엠치과의원,치과,041-522-2828,충청남도 천안시 서북구 성정중7길 3 3층 (성정동),36.828902,127.1335735,16
417,위드치과의원,치과,041-553-4303,충청남도 천안시 서북구 서부대로 688 3층 (성정동),36.8284199,127.1335503,16
418,이종현치과의원,치과,041-575-2875,충청남도 천안시 서북구 쌍용대로 302 2층 (성정동),36.8242615,127.1372919,16
419,조은치과의원,치과,041-552-7528,충청남도 천안시 서북구 두정로 98 3층 (두정동),36.8336924,127.1278039,16
420,비앤알치과의원,치과,041-553-2804,충청남도 천안시 서북구 삼성대로 20 3층 (백석동),36.8385391,127.1221787,16
421,삼성유치과의원,치과,041-599-4966,충청남도 천안시 서북구 번영로 465 (성성동 삼성전자(주)천안캠퍼스),36.8440202,127.1265174,16
422,아홉가지약속백석치과의원,치과,041-575-2275,충청남도 천안시 서북구 노태산로 73 6 7층 (백석동),36.8313771,127.1269957,16
423,이규현치과의원,치과,041-555-2228,충청남도 천안시 서북구 오성로 1 201호 (두정동),36.8307333,127.1276133,16
424,다나웰치과의원,치과,041-581-7528,충청남도 천안시 서북구 노태산로 62 5층 (두정동),36.8302761,127.1276185,16
425,미플란트치과의원,치과,041-565-2888,충청남도 천안시 서북구 늘푸른5길 22 3층 (두정동),36.8273204,127.1296961,16
426,안빈치과의원,치과,041-574-2835,충청남도 천안시 서북구 성정로 102 2층 (성정동),36.8135048,127.1412425,16
427,이온치과의원,치과,041-621-0075,충청남도 천안시 서북구 동서대로 57 2층 (두정동 부경빌딩),36.8258029,127.129678,16
428,푸른치과의원,치과,041-573-7595,충청남도 천안시 서북구 성정로 91 2층 (성정동),36.8138655,127.1402361,16
429,화인치과의원,치과,041-523-2285,충청남도 천안시 서북구 한들3로 84 (백석동),36.8310587,127.1238664,16
430,백석미소담은치과의원,치과,041-567-7522,충청남도 천안시 서북구 한들3로 83 (백석동),36.8310842,127.1232431,16
431,후생치과의원,치과,041-574-4114,충청남도 천안시 서북구 성정로 82 2층 (성정동),36.8135482,127.1391703,16
432,더섬세한치과의원,치과,041-415-2872,"충청남도 천안시 서북구 한들3로 30 1동 2층 203,204호 (백석동)",36.8264714,127.123896,16
433,한빛치과의원,치과,041-561-2804,충청남도 천안시 서북구 한들3로 8 5층 502호 (백석동),36.8242526,127.1241144,16
434,보스톤연합치과의원,치과,041-555-7528,충청남도 천안시 서북구 백석로 85-4 3층 (백석동),36.8238219,127.12174,16
435,차암조은치과의원,치과,041-558-2528,"충청남도 천안시 서북구 3공단6로 58-5 201호,202호 (차암동)",36.8412698,127.1048143,16
436,스마일덴치과의원,치과,041-562-2833,충청남도 천안시 서북구 3공단6로 58-8 3층 (차암동),36.8410177,127.1039718,16
437,센트럴치과의원,치과,041-564-0800,충청남도 천안시 서북구 한들2로 8 304 305호 (백석동),36.8235834,127.1188973,16
438,천안바른치과의원,치과,041-554-7528,충청남도 천안시 서북구 3공단6로 50 203호 (차암동),36.8408138,127.1032899,16
439,김원상치과의원,치과,041-571-5796,충청남도 천안시 서북구 봉명로 35 (쌍용동),36.8078312,127.1324245,16
440,조복형치과의원,치과,041-571-2828,충청남도 천안시 서북구 봉명로 34 3층 (쌍용동 대우빌딩),36.8072055,127.1322235,16
441,프라임치과의원,치과,041-592-2875,충청남도 천안시 서북구 쌍용대로 79 4층 (쌍용동),36.8046746,127.1318615,16
442,열린치과의원,치과,041-579-2080,충청남도 천안시 서북구 미라8길 19 4.5층 (쌍용동),36.8032838,127.1296496,16
443,유디치과의원,치과,041-578-4567,충청남도 천안시 서북구 차돌고개7길 60 2층 (쌍용동),36.7983899,127.1314628,16
444,바른뿌리치과의원,치과,041-414-2879,충청남도 천안시 서북구 불당25로 208 2층 204 205호 (불당동),36.819607,127.1094162,16
445,더조은치과의원,치과,041-417-7575,충청남도 천안시 서북구 불당25로 200 천안농협 211호 (불당동),36.818877,127.1091851,16
446,쌍용치과의원,치과,041-574-7522,충청남도 천안시 서북구 충무로 205 (쌍용동),36.7985513,127.1283174,16
447,행복플란트치과의원,치과,041-561-2275,충청남도 천안시 서북구 불당23로 70 4층 403호 (불당동),36.8176325,127.1088053,16
448,서지섭치과의원,치과,041-576-2879,충청남도 천안시 서북구 봉서산1길 41 3층 (쌍용동),36.8070727,127.1185454,16
449,물방울치과의원,치과,041-575-6363,충청남도 천안시 서북구 차돌들길 7-13 3층 (쌍용동),36.7965414,127.1284873,16
450,사랑드림치과의원,치과,041-576-7528,충청남도 천안시 서북구 봉서산샛길 64 3층 (쌍용동),36.8054043,127.1192778,16
451,오라클치과의원,치과,041-592-7528,충청남도 천안시 서북구 충무로 200 3층 (쌍용동),36.795816,127.1287442,16
452,천안모아치과의원,치과,041-579-7300,충청남도 천안시 서북구 충무로 201 (쌍용동),36.7964687,127.1288317,16
453,맘애든어린이치과의원,치과,041-563-7522,충청남도 천안시 서북구 불당25로 178 에이블타워 5층 503호 (불당동),36.81698,127.1086044,16
454,천안예인치과의원,치과,041-523-2879,충청남도 천안시 서북구 불당25로 178 5층 502호 (불당동),36.81698,127.1086044,16
455,곽치과의원,치과,041-575-1800,충청남도 천안시 서북구 불당대로 260 3층 (쌍용동),36.7995831,127.1244854,16
456,우리가족치과의원,치과,041-565-2828,충청남도 천안시 서북구 불당22대로 92 5층 504~507호 (불당동),36.8153065,127.1088223,16
457,투명한이치과교정과치과의원,치과,041-562-2879,충청남도 천안시 서북구 불당4로 106 1층 111호 (불당동 불당트윈팰리스),36.8114653,127.1123378,16
458,더젊은얼굴치과의원,치과,041-555-2885,충청남도 천안시 서북구 불당22대로 86 마블러스에스타워 3층 304호 (불당동),36.8154437,127.108126,16
459,이가웃는치과의원,치과,041-417-0344,"충청남도 천안시 서북구 불당22대로 67 4층 401,402호 (불당동)",36.8165089,127.1065549,16
460,서울니어치과의원,치과,041-552-2828,충청남도 천안시 서북구 불당21로 67-18 501호 (불당동),36.8140563,127.1085317,16
461,미소준치과의원,치과,041-578-2275,충청남도 천안시 서북구 월봉로 134 202호 (쌍용동 광산빌딩),36.8025965,127.1191429,16
462,샤인치과의원,치과,041-573-2875,충청남도 천안시 서북구 충무로 175 2층 (쌍용동),36.7948739,127.1263714,16
463,키즈웰치과의원,치과,041-573-1275,충청남도 천안시 서북구 충무로 175 5층 (쌍용동),36.7948739,127.1263714,16
464,현대치과의원,치과,041-571-2727,충청남도 천안시 서북구 쌍용18길 36 상가동 201호 (쌍용동 일성능수아파트),36.7986524,127.1220233,16
465,불당드림치과의원,치과,041-417-2882,"충청남도 천안시 서북구 불당25로 146 402,403호 (불당동)",36.8141793,127.1077371,16
466,제이엠치과의원,치과,041-622-7528,충청남도 천안시 서북구 불당11로 101 302호 (불당동 센터프라자),36.8052085,127.1159299,16
467,다인치과의원,치과,041-523-7528,충청남도 천안시 서북구 봉서산로 84 2층 (불당동 유니온프라자빌딩),36.8053191,127.1157748,16
468,미소에반하다치과교정과치과의원,치과,041-417-7528,충청남도 천안시 서북구 불당21로 67-8 4층 401호 (불당동),36.8132932,127.1082874,16
469,하앤김미소치과교정과치과의원,치과,041-577-2885,충청남도 천안시 서북구 충무로 172 (쌍용동),36.8006931,127.1224079,16
470,리건치과의원,치과,041-415-2879,충청남도 천안시 서북구 불당21로 71 5층 507호 (불당동),36.8129586,127.1081765,16
471,그린치과의원,치과,041-575-2828,충청남도 천안시 서북구 월봉로 122 3층 (쌍용동),36.8014944,127.1189175,16
472,연세필치과교정과치과의원,치과,041-572-0572,충청남도 천안시 서북구 월봉로 122 3층 304호 (쌍용동),36.8014944,127.1189175,16
473,연세나은치과의원,치과,041-561-2882,"충청남도 천안시 서북구 검은들1길 12 301,302호 (불당동)",36.8108014,127.1100649,16
474,서울원플란트치과의원,치과,041-417-2875,충청남도 천안시 서북구 불당25로 138 4층 (불당동),36.813408,127.1075021,16
475,바른이치과교정과치과의원,치과,041-565-2275,충청남도 천안시 서북구 검은들3길 34 (불당동),36.8117229,127.1090215,16
476,샘치과의원,치과,041-567-8700,충청남도 천안시 서북구 불당17길 27 4층 (불당동),36.8097434,127.1108315,16
477,가지런-e치과교정과치과의원,치과,041-577-2274,충청남도 천안시 서북구 불당33길 24 3층 303호 (불당동),36.8123855,127.108192,16
478,더건강한치과의원,치과,041-553-2004,충청남도 천안시 서북구 불당33길 24 4층 (불당동),36.8123855,127.108192,16
479,불당탑치과의원,치과,041-567-8222,충청남도 천안시 서북구 불당21로 65 4층 (불당동),36.8130966,127.1074085,16
480,씨엠씨우성구강악안면외과치과의원,치과,041-414-7528,충청남도 천안시 서북구 불당33길 22 고은타워 2층 204~205호 (불당동),36.8118709,127.1081027,16
481,훈키즈치과의원,치과,041-561-7528,충청남도 천안시 서북구 불당33길 22 505호 (불당동 고은타워),36.8118709,127.1081027,16
482,포유치과의원,치과,041-621-7528,충청남도 천안시 서북구 검은들3길 58 4층 (불당동),36.8099394,127.1098332,16
483,유춘호치과의원,치과,041-576-2875,충청남도 천안시 서북구 충무로 158-5 3층 (쌍용동),36.793351,127.1254407,16
484,아름드리치과의원,치과,041-414-2875,충청남도 천안시 서북구 불당26로 77 204 205호 (불당동 천안불당지웰더샵 상가동),36.8147654,127.1046252,16
485,허밍치과의원,치과,041-572-9100,충청남도 천안시 서북구 충무로 155 신승빌딩 3층 303호 (쌍용동),36.793818,127.1244303,16
486,이센스치과의원,치과,041-566-2838,충청남도 천안시 서북구 검은들3길 48 7층 (불당동),36.8101427,127.1088061,16
487,불당치과교정과치과의원,치과,041-566-2040,충청남도 천안시 서북구 번영로 100 502호 (불당동),36.7998182,127.1027921,16
488,김앤장치과의원,치과,041-578-2875,충청남도 천안시 서북구 월봉로 94 4층 (쌍용동),36.7989542,127.1184766,16
489,서울모세치과의원,치과,041-579-0027,충청남도 천안시 서북구 월봉로 92 2층 (쌍용동),36.7987667,127.1184645,16
490,동고치과의원,치과,041-578-2288,충청남도 천안시 서북구 월봉로 93 3층 (쌍용동),36.7989469,127.1178691,16
491,내이로치과의원,치과,041-575-2879,충청남도 천안시 서북구 월봉로 83 2층 (쌍용동),36.7982231,127.1178681,16
492,천안365치과의원,치과,041-572-2828,충청남도 천안시 서북구 충무로 133 북일빌딩 3층 (쌍용동),36.7931225,127.1222295,16
493,천안본치과의원,치과,041-571-2875,충청남도 천안시 서북구 충무로 125 4층 (쌍용동),36.7927872,127.1213255,16
494,서울다시봄치과의원,치과,041-555-2872,"충청남도 천안시 서북구 불당34길 26 2층 201,202호 (불당동)",36.8073151,127.1066363,16
495,가톨릭치과의원,치과,041-555-3700,충청남도 천안시 서북구 불당34길 18 2층 (불당동),36.8064476,127.1064144,16
496,불당본점서울비디치과의원,치과,041-415-2892,충청남도 천안시 서북구 불당34길 14 2층 202~3 3층303~4 4층 402~3 5층 501~4호 (불당동),36.8061852,127.1063344,16
497,잇플란트치과의원,치과,041-563-2828,충청남도 천안시 서북구 불당34길 10 3층 303호 (불당동),36.8059227,127.1062545,16
498,서울바르다치과의원,치과,041-414-2835,충청남도 천안시 서북구 공원로 176 천안불당 시티프라디움 3차 B125-130호 (불당동),36.797132,127.0992974,16
499,오라클피부과의원,피부과,569-3355,충청남도 천안시 동남구 만남로 52 8층 (신부동),36.8186608,127.157844,17
500,성모피부과의원,피부과,563-9121,충청남도 천안시 동남구 만남로 13 2층 (신부동),36.8190525,127.1537716,17
501,휴먼피부과의원,피부과,041-561-5611,충청남도 천안시 동남구 만남로 18 휴먼빌딩 1동 3층 (신부동),36.8185046,127.1540406,17
502,정원피부과의원,피부과,041-906-2222,충청남도 천안시 서북구 성성8로 2-23 3층 정원피부과의원 (성성동),36.8402015,127.1297313,17
503,수피부과의원,피부과,041-555-8833,충청남도 천안시 서북구 동서대로 125-3 3층 (성정동),36.8263031,127.1368971,17
504,백피부과의원,피부과,571-7542,충청남도 천안시 서북구 미라15길 23 2층 (쌍용동 대우타워종합상가),36.8063596,127.1314446,17
505,오라클피부과의원,피부과,041-902-8825,충청남도 천안시 서북구 충무로 175 4층 (쌍용동),36.7948739,127.1263714,17
506,클린앤피부과의원,피부과,041-561-7400,충청남도 천안시 서북구 불당21로 67-8 2층 202~205호 (불당동),36.8132932,127.1082874,17
507,전피부과의원,피부과,041-574-5991,충청남도 천안시 서북구 월봉로 122 305호 (쌍용동),36.8014944,127.1189175,17
508,CNP차앤박피부과의원,피부과,041-552-1199,"충청남도 천안시 서북구 불당33길 24 6층 602,603,604호 (불당동)",36.8123855,127.108192,17
509,가톨릭피부과의원,피부과,041-573-9907,충청남도 천안시 서북구 불당34길 18 2층 (불당동),36.8064476,127.1064144,17
510,새생명한방병원,한의학과,041-584-0916,"충청남도 천안시 서북구 직산읍 직산로 65 3,5층",36.883436,127.15466,18
511,제중한방병원,한의학과,041-568-2632,충청남도 천안시 서북구 천안대로 1024-5 1층~3층 (두정동),36.833459,127.1524337,18
512,예스365한방병원,한의학과,041-417-1075,"충청남도 천안시 서북구 성성8로 2-15 5,6,7층 (성성동)",36.8399058,127.1301882,18
513,더노블천안한방병원,한의학과,041-900-7979,충청남도 천안시 서북구 성정공원1길 9-7 더노블 5~8층 (성정동),36.8264343,127.1384442,18
514,대전대학교천안한방병원,한의학과,041-521-7000,충청남도 천안시 서북구 노태산로 4 (두정동),36.8252016,127.1277825,18
515,바를추한방병원,한의학과,041-414-9696,충청남도 천안시 서북구 불당23로 73-27 4층 (불당동),36.8204217,127.1096581,18
516,메디그린한방병원,한의학과,1522-2357,충청남도 천안시 서북구 번영로 201 5층 (불당동),36.8091364,127.1063221,18
517,천안도솔한방병원,한의학과,041-571-1075,충청남도 천안시 서북구 서부대로 368 3~5층 (쌍용동),36.8001327,127.1270569,18
518,천안자생한방병원,한의학과,1577-0007,"충청남도 천안시 서북구 불당21로 71 정석프라자 8,9층 (불당동)",36.8129586,127.1081765,18
519,바른한방병원,한의학과,041-415-1075,충청남도 천안시 서북구 충무로 143-7 1~5층 (쌍용동),36.7933505,127.1226009,18
520,병천수한의원,한의학과,041-555-1275,충청남도 천안시 동남구 병천면 아우내순대길 60 (병천면),36.7627179,127.2999908,18
521,동광한의원,한의학과,041-622-1240,충청남도 천안시 동남구 병천면 아우내순대길 50 아우내옛날순대 2층,36.7618361,127.2995787,18
522,아우내한의원,한의학과,041-561-7533,충청남도 천안시 동남구 병천면 아우내순대길 43 2층,36.7615402,127.2988116,18
523,병천한의원,한의학과,041-574-0295,충청남도 천안시 동남구 병천면 아우내장터3길 7 1층,36.7612119,127.2980357,18
524,경희현한의원,한의학과,041-522-1200,충청남도 천안시 동남구 북면 충절로 1291 (북면),36.7701665,127.2506396,18
525,약선당한의원,한의학과,041-562-7888,충청남도 천안시 동남구 목천읍 서리1길 29-8 1 2층,36.7834071,127.2346716,18
526,화인한의원,한의학과,041-621-1075,충청남도 천안시 동남구 각원사길 56 3층 (안서동),36.8307787,127.1781466,18
527,이동규한의원,한의학과,041-522-9889,충청남도 천안시 동남구 목천읍 충절로 884 (능수빌딩),36.7726472,127.2090591,18
528,경희허준한의원,한의학과,041-561-1775,충청남도 천안시 동남구 터미널9길 25 3층 (신부동),36.8232212,127.1554278,18
529,자승한의원,한의학과,041-576-2232,충청남도 천안시 동남구 방죽안3길 33 2층 (신부동),36.8226539,127.1555672,18
530,신계한의원,한의학과,041-562-1255,"충청남도 천안시 동남구 목천읍 충절로 869 2층 202,203호",36.7721474,127.2074951,18
531,후한의원,한의학과,041-622-7073,충청남도 천안시 동남구 만남로 52 3층 302호 (신부동 문타워),36.8186608,127.157844,18
532,위강한의원,한의학과,041-563-0253,충청남도 천안시 동남구 만남로 50 터미널프라자 (신부동),36.8186598,127.1575848,18
533,나래한의원,한의학과,041-555-7213,충청남도 천안시 동남구 충절로 12 3층 (신부동),36.8180535,127.1579633,18
534,발머스한의원,한의학과,041-621-7010,충청남도 천안시 동남구 만남로 48 RGB빌딩 10층 (신부동),36.8186411,127.1573671,18
535,프리허그한의원,한의학과,041-561-8269,충청남도 천안시 동남구 만남로 48 8층 801호 (신부동 RGB빌딩),36.8186411,127.1573671,18
536,자연과한의원,한의학과,041-566-5070,충청남도 천안시 동남구 충절로 14 4층 (신부동),36.8178299,127.1579636,18
537,태종한의원,한의학과,041-554-8575,충청남도 천안시 동남구 충절로 25 1층 (신부동),36.8166446,127.1585073,18
538,청혈한의원,한의학과,041-556-5553,충청남도 천안시 동남구 방죽안3길 7 (신부동),36.8226308,127.1528592,18
539,로담한의원,한의학과,041-552-1079,충청남도 천안시 동남구 만남로 40 6층 (신부동),36.8186097,127.1566118,18
540,일맥한의원천안점,한의학과,041-558-2075,충청남도 천안시 동남구 만남로 38 (신부동 도솔빌딩),36.8184998,127.1563006,18
541,규림한의원,한의학과,041-553-8875,충청남도 천안시 동남구 만남로 36 광동빌딩 2층 (신부동),36.8186382,127.1561219,18
542,고려한의원,한의학과,041-553-6364,충청남도 천안시 동남구 만남로 34 선진빌딩 (신부동),36.8185949,127.1559031,18
543,수한의원,한의학과,041-555-7582,충청남도 천안시 동남구 방죽안2길 1 (신부동),36.8217809,127.1524925,18
544,코숨한의원,한의학과,041-522-8875,충청남도 천안시 동남구 만남로 9 더？오피스텔 143~149호 (신부동),36.8191809,127.1530085,18
545,천안진한의원,한의학과,041-552-8275,충청남도 천안시 동남구 성황로 85 (원성동 양지빌딩),36.8125283,127.158596,18
546,원성경희한의원,한의학과,041-415-0550,충청남도 천안시 동남구 버들로 115-2 3층 (원성동),36.8066476,127.1593112,18
547,명성한의원,한의학과,041-565-3516,충청남도 천안시 동남구 성황로 34 (성황동 명성한의원),36.8122964,127.1525014,18
548,태조한의원,한의학과,041-554-1075,충청남도 천안시 동남구 충절로 193 1층 (원성동 정내과의원),36.8015666,127.1593192,18
549,경여당중국한의원,한의학과,041-551-5008,충청남도 천안시 동남구 버들로 59 (원성동 경여당중국한의원),36.8064467,127.1528591,18
550,경희한의원,한의학과,041-562-6161,충청남도 천안시 동남구 문화1길 5-1 (문화동),36.8084756,127.1507979,18
551,익수당한의원,한의학과,041-551-8272,충청남도 천안시 동남구 충절로 233 (구성동),36.7932056,127.1691243,18
552,남산중국한의원,한의학과,041-565-0017,충청남도 천안시 동남구 충무로 477 (원성동 남산중국한의원),36.7988574,127.1583047,18
553,중앙한의원,한의학과,041-551-3186,충청남도 천안시 동남구 중앙로 62 (영성동 중앙한의원),36.8038252,127.1528627,18
554,오송한의원,한의학과,041-555-5681,충청남도 천안시 동남구 수선정길 23 (영성동 오송한의원),36.8036335,127.1516371,18
555,천안한의원,한의학과,041-551-1026,충청남도 천안시 동남구 큰시장길 53-1 (영성동 천안한의원),36.8022699,127.1527238,18
556,천일한의원,한의학과,041-567-2489,충청남도 천안시 동남구 수선정길 16-1 (영성동),36.803419,127.1508785,18
557,남향한의원,한의학과,041-558-7500,충청남도 천안시 동남구 청수로 136 (구성동),36.794051,127.1591366,18
558,다온한의원,한의학과,041-622-8275,충청남도 천안시 동남구 대흥로 57 1층 (구성동),36.797844,127.1551654,18
559,경희광장한의원,한의학과,041-554-0227,충청남도 천안시 동남구 큰시장길 36 (영성동),36.8018978,127.1507343,18
560,삼대한의원,한의학과,041-555-3131,충청남도 천안시 동남구 대흥로 104 (영성동),36.7999057,127.1508488,18
561,정다운한의원,한의학과,041-565-3515,충청남도 천안시 동남구 대흥로 118 5층 (사직동),36.8002178,127.1498871,18
562,백년가약한의원,한의학과,041-563-2048,충청남도 천안시 동남구 충무로 418-1 5층 (영성동),36.7980887,127.1517309,18
563,광제당한의원,한의학과,041-563-1093,충청남도 천안시 동남구 대흥로 119 (사직동 광제당한의원),36.8000479,127.1493909,18
564,세종한의원,한의학과,041-523-7577,충청남도 천안시 동남구 중앙시장길 3 (사직동),36.8008507,127.1487056,18
565,123한의원,한의학과,041-558-1100,충청남도 천안시 동남구 대흥로 127 (사직동 천안세브란스의원),36.8004645,127.1484743,18
566,약손한의원,한의학과,041-523-8009,충청남도 천안시 동남구 대흥로 131 (사직동),36.8021996,127.1477501,18
567,자인한의원,한의학과,041-576-3585,충청남도 천안시 동남구 봉정로 47 2층 (봉명동),36.806477,127.1396096,18
568,청담한의원,한의학과,041-565-7975,충청남도 천안시 동남구 청수6로 106-3 3층 (청수동),36.7897836,127.1553695,18
569,해오름한의원,한의학과,041-522-1075,충청남도 천안시 동남구 청수로 71 3층 (청수동),36.7896635,127.1542553,18
570,경희나라한의원,한의학과,041-900-1075,충청남도 천안시 동남구 청수11로 11 3층 (청당동),36.7831489,127.1537158,18
571,한우물한의원,한의학과,041-572-2727,충청남도 천안시 동남구 청수14로 56 4층 (청당동),36.7839317,127.1526116,18
572,청당주한의원,한의학과,041-417-7510,충청남도 천안시 동남구 청수4로 18 2층 202호 (청당동),36.7836055,127.1527639,18
573,천안약손한의원,한의학과,041-577-1079,충청남도 천안시 동남구 청수4로 16 바젤나인 304호 (청당동),36.7832789,127.1528705,18
574,가온한의원,한의학과,041-551-7575,"충청남도 천안시 동남구 청수4로 10 3층 305,306호 (청당동)",36.7827605,127.1529517,18
575,인생한의원,한의학과,041-522-7575,충청남도 천안시 동남구 남부대로 322 1동 3층 (청당동),36.7812204,127.1529212,18
576,윤한의원,한의학과,041-575-7544,충청남도 천안시 동남구 일봉로 8 (신방동 학산빌딩),36.7933083,127.1294545,18
577,신방한의원,한의학과,041-577-8575,충청남도 천안시 동남구 서부대로 276 학산프라자 201호 (신방동),36.792686,127.1293511,18
578,왕소건한의원,한의학과,041-577-6747,충청남도 천안시 동남구 서부대로 281 (신방동 국제빌딩),36.7930971,127.1286099,18
579,참사랑한의원,한의학과,041-578-7975,충청남도 천안시 동남구 서부대로 270 2층 202호 (신방동),36.7922772,127.1294481,18
580,소리청자성당한의원,한의학과,041-571-4747,"충청남도 천안시 동남구 서부대로 229 지성빌딩 지하1,5층 (신방동)",36.7887323,127.1284517,18
581,성모한의원,한의학과,041-592-7576,충청남도 천안시 동남구 수곡로 81 2층 (신방동),36.7885105,127.1284889,18
582,동명당한의원,한의학과,041-579-7588,충청남도 천안시 동남구 서부대로 221 (신방동 오케이빌딩),36.7881318,127.1283979,18
583,신통한의원,한의학과,041-577-8833,충청남도 천안시 동남구 통정4로 22-25 (신방동),36.7752536,127.1333225,18
584,손원택한의원,한의학과,041-573-7582,충청남도 천안시 동남구 통정11로 54 (신방동),36.7740383,127.1323621,18
585,성광당한의원,한의학과,041-575-7538,충청남도 천안시 동남구 통정3로 37 (신방동),36.7747252,127.1295847,18
586,생생한의원,한의학과,041-522-5575,충청남도 천안시 동남구 풍세면 풍세산단로 287 2층 204호,36.7274625,127.1010904,18
587,연세경희한의원,한의학과,041-587-1075,충청남도 천안시 서북구 입장면 입장로 149-1 2층,36.9146617,127.2221071,18
588,우리한의원,한의학과,041-585-8050,충청남도 천안시 서북구 입장면 입장로 139 (2층),36.9137346,127.2217326,18
589,123한의원,한의학과,041-587-1236,충청남도 천안시 서북구 입장면 입장로 130 2층,36.9126744,127.2220243,18
590,원한의원,한의학과,041-563-1075,충청남도 천안시 서북구 성거읍 성거길 100 우남상가 1층,36.8739312,127.2018815,18
591,참조은한의원,한의학과,041-523-2578,충청남도 천안시 서북구 성거읍 성거길 89 (성거읍),36.8733895,127.201069,18
592,성거한의원,한의학과,041-558-7582,충청남도 천안시 서북구 성거읍 성거길 85 (성거읍),36.8731543,127.2009429,18
593,동의보감한의원,한의학과,041-581-6660,충청남도 천안시 서북구 성환읍 성환2로 107 (성환읍),36.9169476,127.1322666,18
594,서울한의원,한의학과,041-581-2224,충청남도 천안시 서북구 성환읍 성환2로 98 (성환읍),36.9158768,127.1324517,18
595,성환본한의원,한의학과,041-582-1212,"충청남도 천안시 서북구 성환읍 성환9길 7-3 1,2(2층 일부)층",36.9162532,127.1286513,18
596,조한의원,한의학과,041-582-2030,충청남도 천안시 서북구 성환읍 성환11길 2 2층,36.9166486,127.1282629,18
597,버팀목한의원,한의학과,041-582-1075,충청남도 천안시 서북구 성환읍 성환1로 242 2층,36.9162296,127.1283004,18
598,성환한의원,한의학과,041-562-6119,충청남도 천안시 서북구 성환읍 신선동길 26 2층,36.9126616,127.1306026,18
599,새힘찬한의원,한의학과,041-581-1497,충청남도 천안시 서북구 성환읍 성환1로 226 2층,36.9147892,127.1284047,18
600,나라부부한의원,한의학과,041-583-9111,충청남도 천안시 서북구 직산읍 삼은3길 34 2층,36.8781992,127.1529894,18
601,보명한의원,한의학과,041-584-1575,충청남도 천안시 서북구 직산읍 삼은3길 21 보명한의원,36.8785939,127.1516663,18
602,이현철한의원,한의학과,041-583-1075,충청남도 천안시 서북구 직산읍 봉주로 51 (외1필지 3층),36.877477,127.1523115,18
603,직산한의원,한의학과,041-583-7450,충청남도 천안시 서북구 직산읍 봉주로 29 (매봉빌딩),36.8772288,127.1497283,18
604,쓰담한의원,한의학과,041-563-3339,"충청남도 천안시 서북구 업성수변로 111 2층 201,202호 (성성동)",36.8488852,127.1397013,18
605,이영준한의원,한의학과,041-552-0056,충청남도 천안시 서북구 봉정로 388 (두정동 용암빌딩),36.8366081,127.1458672,18
606,약수정한의원,한의학과,041-568-1075,충청남도 천안시 서북구 봉정로 370 201호 (두정동 태조프라자),36.8348934,127.1458122,18
607,경희한사랑한의원,한의학과,041-563-0121,충청남도 천안시 서북구 봉정로 362 201호 (두정동),36.8343124,127.1458182,18
608,채강한의원,한의학과,041-417-7562,충청남도 천안시 서북구 봉정로 356 3층 (두정동),36.8253345,127.1444127,18
609,우리집한의원,한의학과,041-414-4475,충청남도 천안시 서북구 두정로 258 5층 (두정동),36.8329625,127.1457631,18
610,천수당한의원,한의학과,041-562-1034,충청남도 천안시 서북구 두정로 244 (두정동),36.8331266,127.1439938,18
611,숨쉬는한의원,한의학과,041-415-1520,충청남도 천안시 서북구 두정로 237 4층 (두정동 석민빌딩),36.8336287,127.1434915,18
612,이웃한의원,한의학과,041-568-7582,"충청남도 천안시 서북구 두정중9길 3 (두정동,1층)",36.8370307,127.1385722,18
613,리즈앤마리안들꽃한의원,한의학과,041-555-5919,충청남도 천안시 서북구 두정로 202 리즈앤마리안클리닉센터 2층 남쪽 (두정동),36.8334227,127.1393148,18
614,화인21한의원,한의학과,041-564-7510,충청남도 천안시 서북구 두정로 187 4층 402호 (두정동),36.8340643,127.1377337,18
615,미래한의원,한의학과,041-569-0778,충청남도 천안시 서북구 성성9로 7 하나타워 3층 (성성동),36.8401304,127.1312974,18
616,서훈태한의원,한의학과,041-556-1075,충청남도 천안시 서북구 서부대로 766 (두정동 진암빌딩),36.8355872,127.1339652,18
617,솔아한의원,한의학과,041-562-7582,충청남도 천안시 서북구 성정공원3길 4 2층 (성정동),36.8261683,127.1413283,18
618,다정부부한의원,한의학과,041-522-7533,충청남도 천안시 서북구 두정로 146 말우물빌딩 6층 601호 (두정동),36.8335991,127.1331415,18
619,사랑부부한의원,한의학과,041-522-7533,충청남도 천안시 서북구 두정로 146 6층 601호 (두정동),36.8335648,127.1330617,18
620,라인앤한의원,한의학과,041-562-0998,충청남도 천안시 서북구 성정중7길 39-1 2층 (성정동),36.828731,127.1373296,18
621,천안경희한의원,한의학과,041-556-8875,충청남도 천안시 서북구 동서대로 129 단국성정빌딩 3층 (성정동),36.826198,127.137777,18
622,평화당한의원,한의학과,041-552-7510,충청남도 천안시 서북구 성정중1길 31 (성정동),36.8298779,127.1337685,18
623,해비치한의원,한의학과,041-574-8275,충청남도 천안시 서북구 쌍용대로 317 2층 (성정동 보현빌딩),36.8256834,127.136947,18
624,늘푸른한의원,한의학과,041-564-1075,충청남도 천안시 서북구 성정중7길 3 극동프라자 4층 (성정동),36.828902,127.1335735,18
625,두정한의원,한의학과,041-563-8875,충청남도 천안시 서북구 서부대로 688 현대프라자 3층 305호 (성정동),36.8284199,127.1335503,18
626,중화당한의원,한의학과,041-578-9907,충청남도 천안시 서북구 쌍용대로 296 3층 (성정동 종근당빌딩),36.8237123,127.1372237,18
627,한마음한의원,한의학과,041-578-0323,충청남도 천안시 서북구 쌍용대로 289-4 2층 (성정동),36.823325,127.1364197,18
628,송두한한의원,한의학과,041-576-6226,충청남도 천안시 서북구 서부3길 3 (성정동),36.8187482,127.1392131,18
629,몸사랑마음사랑한의원,한의학과,041-572-1275,충청남도 천안시 서북구 봉정로 133 대정빌딩 1층 (성정동),36.8140925,127.1414667,18
630,율곡한의원,한의학과,041-577-4687,충청남도 천안시 서북구 도원3길 17 (성정동),36.8202152,127.1349294,18
631,김한의원,한의학과,041-567-1075,충청남도 천안시 서북구 한들3로 85 206호 (백석동 백석메디컬센터),36.8308633,127.1232538,18
632,바비한의원,한의학과,041-621-5333,"충청남도 천안시 서북구 한들3로 78-3 2층 201,202-1호 (백석동)",36.8307911,127.1239391,18
633,한덕희한의원,한의학과,041-575-8577,충청남도 천안시 서북구 성정로 82 (성정동),36.8135482,127.1391703,18
634,홍종민한의원,한의학과,041-523-1075,충청남도 천안시 서북구 백석로 99 2층 201호 (백석동),36.8240784,127.1227321,18
635,임제당한의원,한의학과,041-564-3375,충청남도 천안시 서북구 3공단6로 58-5 (차암동),36.8412698,127.1048143,18
636,힐링톡한의원,한의학과,041-564-0300,충청남도 천안시 서북구 한들2로 8 4층 (백석동),36.8235834,127.1188973,18
637,열린부부한의원,한의학과,041-572-0075,충청남도 천안시 서북구 봉서5길 1 3층 (쌍용동),36.8076328,127.1318054,18
638,소울한의원,한의학과,041-551-9400,충청남도 천안시 서북구 한들1로 20 1층 (백석동),36.8243099,127.1158652,18
639,김인한의원,한의학과,041-571-7002,충청남도 천안시 서북구 봉명로 30 2층 (쌍용동),36.8072981,127.1317532,18
640,경희약손한의원,한의학과,041-903-1075,충청남도 천안시 서북구 봉명로 20 2층 202호 (쌍용동),36.7963884,127.1281473,18
641,중경한의원,한의학과,041-557-6074,충청남도 천안시 서북구 다가말3길 30 참빛빌딩 1층 (쌍용동),36.7980987,127.1340575,18
642,하늘마음한의원,한의학과,041-577-7582,충청남도 천안시 서북구 충무로 215 진솔빌딩 2층 (쌍용동),36.7971622,127.1293807,18
643,튼튼한의원,한의학과,041-574-1070,충청남도 천안시 서북구 불당대로 265 3층 (쌍용동),36.8005966,127.1257916,18
644,청솔한의원,한의학과,041-575-1075,충청남도 천안시 서북구 불당대로 269 3층 304호 (쌍용동),36.8003023,127.1259311,18
645,천안동의보감한의원,한의학과,041-571-7510,충청남도 천안시 서북구 쌍용11길 47 2층 (쌍용동),36.8021969,127.1240709,18
646,미소로한의원,한의학과,041-572-1075,충청남도 천안시 서북구 충무로 205 다선빌딩 (쌍용동),36.7966424,127.1286679,18
647,한음한방신경정신과한의원,한의학과,041-579-1079,충청남도 천안시 서북구 충무로 205 3층 (쌍용동 다선빌딩),36.8006931,127.1224079,18
648,길한의원,한의학과,041-571-8037,충청남도 천안시 서북구 봉서산1길 41 (쌍용동),36.8070727,127.1185454,18
649,천안사랑인한의원,한의학과,041-592-2600,충청남도 천안시 서북구 충무로 204 일송빌딩 3층 (쌍용동),36.7960791,127.1291326,18
650,수이강플러스한의원,한의학과,041-565-2488,"충청남도 천안시 서북구 불당25로 182 4층 406,407호 (불당동)",36.8173067,127.1087044,18
651,달천한의원,한의학과,041-572-7533,충청남도 천안시 서북구 충무로 200 (쌍용동),36.795816,127.1287442,18
652,스마일키즈한의원,한의학과,041-523-5205,충청남도 천안시 서북구 불당25로 176 4층 401호 (불당동),36.8162185,127.1091163,18
653,연이재한의원,한의학과,041-576-7582,충청남도 천안시 서북구 불당25로 176 4층 404~407호 (불당동),36.8162185,127.1091163,18
654,홍한의원,한의학과,041-571-5900,충청남도 천안시 서북구 불당대로 260 3층 (쌍용동 하이렉스타운),36.7995265,127.1241599,18
655,좋은일한의원,한의학과,041-417-7379,충청남도 천안시 서북구 불당22대로 92 마블러스티타워 4층층 401호 (불당동),36.8153065,127.1088223,18
656,함소아한의원,한의학과,041-565-0070,충청남도 천안시 서북구 불당22대로 86 마블러스에스타워 3층 301호 (불당동),36.8154437,127.108126,18
657,도본한의원,한의학과,041-592-1775,충청남도 천안시 서북구 쌍용12길 10-4 쌍용쇼핑 2층 (쌍용동),36.8030083,127.119563,18
658,365경희한의원,한의학과,041-565-1000,충청남도 천안시 서북구 불당22대로 67 강남프라자 5층 502호 (불당동),36.8165089,127.1065549,18
659,해율한의원,한의학과,041-573-4646,충청남도 천안시 서북구 불당21로 67-18 (연세메디컬스퀘어) 4층 405호 (불당동),36.8142195,127.1083959,18
660,굳건한의원,한의학과,041-573-1075,충청남도 천안시 서북구 월봉로 134 203호 (쌍용동),36.8025965,127.1191429,18
661,도원한의원,한의학과,041-575-7682,충청남도 천안시 서북구 충무로 175 4층 (쌍용동 금정빌딩),36.8006931,127.1224079,18
662,닥터차한의원,한의학과,041-576-0075,충청남도 천안시 서북구 월봉로 132 2층 (쌍용동),36.8023576,127.1190918,18
663,심기쁨한의원,한의학과,041-555-8875,충청남도 천안시 서북구 불당21로 67-12 퍼스트프라자 3층 301호 (불당동),36.8135231,127.1083433,18
664,생기한의원,한의학과,041-566-1071,충청남도 천안시 서북구 불당25로 146 리치타워 4층 401호 (불당동),36.8142258,127.1077236,18
665,상쾌한한의원,한의학과,041-622-4375,"충청남도 천안시 서북구 불당11로 101 (불당동,2층)",36.8052085,127.1159299,18
666,보원경희한의원,한의학과,041-574-7510,충청남도 천안시 서북구 월봉로 126 대림프라자 3층 (쌍용동),36.8018521,127.1189872,18
667,큰나무한의원,한의학과,041-522-8088,충청남도 천안시 서북구 불당25로 142 골든프라자 3층 305호 (불당동),36.8138368,127.1075299,18
668,더예그린한의원,한의학과,041-562-1075,충청남도 천안시 서북구 불당21로 71 503호 (불당동),36.8129586,127.1081765,18
669,아이누리한의원,한의학과,041-561-0380,충청남도 천안시 서북구 불당21로 71 3층 303호 (불당동),36.8129586,127.1081765,18
670,설담한의원,한의학과,041-556-7533,충청남도 천안시 서북구 불당17길 27 3층 (불당동),36.8097434,127.1108315,18
671,힐링미한의원,한의학과,041-592-1275,충청남도 천안시 서북구 불당33길 24 리앤시티 6층 601호 (불당동),36.8124332,127.108082,18
672,해맑은한의원,한의학과,041-417-7585,"충청남도 천안시 서북구 불당21로 65 301,302,303,308호 (불당동)",36.8130966,127.1074085,18
673,인동한의원,한의학과,041-522-8075,"충청남도 천안시 서북구 검은들3길 60 (불당동,3층)",36.8098732,127.1101673,18
674,대나무한의원,한의학과,041-523-9633,충청남도 천안시 서북구 검은들3길 58 3층 (불당동),36.8099394,127.1098332,18
675,송광한의원,한의학과,041-575-0920,충청남도 천안시 서북구 충무로 158-5 조일빌딩 (쌍용동),36.793351,127.1254407,18
676,약선한의원,한의학과,041-522-1079,충청남도 천안시 서북구 검은들3길 52 303호 (불당동),36.8100413,127.1093182,18
677,휴한의원,한의학과,041-622-8258,"충청남도 천안시 서북구 검은들3길 46 302,303호 (불당동)",36.8105269,127.1086452,18
678,경희상록수한의원,한의학과,041-579-3375,충청남도 천안시 서북구 쌍용17길 53 2층 (쌍용동),36.7957581,127.122812,18
679,사암불당한의원,한의학과,041-566-8118,"충청남도 천안시 서북구 검은들3길 48 (불당동,2층)",36.8101427,127.1088061,18
680,나음누리한의원,한의학과,041-579-7510,충청남도 천안시 서북구 월봉로 94 201호 (쌍용동),36.7989542,127.1184766,18
681,아이리더한의원,한의학과,041-552-7355,충청남도 천안시 서북구 월봉로 75-20 2층 (쌍용동),36.7987155,127.1177367,18
682,예소담한의원,한의학과,041-564-7582,"충청남도 천안시 서북구 불당4로 53 (불당동,2층)",36.8067053,127.1100367,18
683,늘푸른경희한의원,한의학과,041-579-1075,충청남도 천안시 서북구 월봉로 83 3층 (쌍용동),36.7982231,127.1178681,18
684,길상한의원,한의학과,041-573-3075,충청남도 천안시 서북구 충무로 130 2층 (쌍용동 환산빌딩),36.8006931,127.1224079,18
685,드림한의원,한의학과,041-575-0008,충청남도 천안시 서북구 월봉4로 88-12 (쌍용동),36.7946003,127.115831,18
686,화타손한의원,한의학과,041-566-1075,충청남도 천안시 서북구 월봉11길 20 2층 (쌍용동 안국빌딩),36.7896743,127.1177567,18
687,태화당한의원,한의학과,041-557-4643,충청남도 천안시 서북구 월봉1길 16 오성빌딩 2층 202호 (쌍용동),36.7884414,127.1170097,18
